,Impressions,Comments,Shares,Likes,Caption,Hashtags
0,3920,9,5,162,"['import', 'data', 'visual', 'everi', 'financi', 'data', 'analystscientist', 'know', 'financ', 'money', 'busi', 'invest', 'invest', 'trade', 'stockmarket', 'data', 'datasci', 'dataanalysi', 'dataanalyt', 'datascientist', 'machinelearn', 'python', 'pythonprogram', 'pythonproject', 'pythoncod', 'artificialintellig', 'ai', 'dataanalyst', 'amankharw', 'thecleverprogramm']","['financ', 'money', 'busi', 'invest', 'invest', 'trade', 'stockmarket', 'data', 'datasci', 'dataanalysi', 'dataanalyt', 'datascientist', 'machinelearn', 'python', 'pythonprogram', 'pythonproject', 'pythoncod', 'artificialintellig', 'ai', 'dataanalyst', 'amankharw', 'thecleverprogramm']"
1,5394,7,14,224,"['best', 'data', 'scienc', 'project', 'idea', 'healthcar', 'want', 'becom', 'data', 'scienc', 'profession', 'healthcar', 'domain', 'must', 'tri', 'work', 'project', 'healthcar', 'health', 'covid', 'data', 'datasci', 'dataanalysi', 'dataanalyt', 'datascientist', 'machinelearn', 'python', 'pythonprogram', 'pythonproject', 'pythoncod', 'artificialintellig', 'ai', 'dataanalyst', 'amankharw', 'thecleverprogramm']","['healthcar', 'health', 'covid', 'data', 'datasci', 'dataanalysi', 'dataanalyt', 'datascientist', 'machinelearn', 'python', 'pythonprogram', 'pythonproject', 'pythoncod', 'artificialintellig', 'ai', 'dataanalyst', 'amankharw', 'thecleverprogramm']"
2,4021,11,1,131,"['learn', 'train', 'machin', 'learn', 'model', 'give', 'input', 'train', 'model', 'make', 'predict', 'use', 'python', 'data', 'datasci', 'dataanalysi', 'dataanalyt', 'datascientist', 'machinelearn', 'python', 'pythonprogram', 'pythonproject', 'pythoncod', 'artificialintellig', 'ai', 'deeplearn', 'machinelearningproject', 'datascienceproject', 'amankharw', 'thecleverprogramm', 'machinelearningmodel']","['data', 'datasci', 'dataanalysi', 'dataanalyt', 'datascientist', 'machinelearn', 'python', 'pythonprogram', 'pythonproject', 'pythoncod', 'artificialintellig', 'ai', 'deeplearn', 'machinelearningproject', 'datascienceproject', 'amankharw', 'thecleverprogramm', 'machinelearningmodel']"
3,4528,10,7,213,"['here', 'write', 'python', 'program', 'detect', 'whether', 'sentenc', 'question', 'idea', 'find', 'word', 'see', 'begin', 'question', 'begin', 'sentenc', 'python', 'pythonprogram', 'pythonproject', 'pythoncod', 'pythonlearn', 'pythondevelop', 'pythoncod', 'pythonprogramm', 'amankharw', 'thecleverprogramm', 'pythonproject']","['python', 'pythonprogram', 'pythonproject', 'pythoncod', 'pythonlearn', 'pythondevelop', 'pythoncod', 'pythonprogramm', 'amankharw', 'thecleverprogramm', 'pythonproject']"
4,2518,5,4,123,"['plot', 'annot', 'visual', 'data', 'consid', 'good', 'practic', 'make', 'graph', 'selfexplanatori', 'exampl', 'annot', 'graph', 'use', 'python', 'datavisu', 'datasci', 'data', 'dataanalyt', 'machinelearn', 'dataanalysi', 'artificialintellig', 'python', 'datascientist', 'bigdata', 'deeplearn', 'dataviz', 'ai', 'analyt', 'technolog', 'dataanalyst', 'program', 'pythonprogram', 'statist', 'code', 'businessintellig', 'datamin', 'tech', 'busi', 'computersci', 'tableau', 'databas', 'thecleverprogramm', 'amankharw']","['datavisu', 'datasci', 'data', 'dataanalyt', 'machinelearn', 'dataanalysi', 'artificialintellig', 'python', 'datascientist', 'bigdata', 'deeplearn', 'dataviz', 'ai', 'analyt', 'technolog', 'dataanalyst', 'program', 'pythonprogram', 'statist', 'code', 'businessintellig', 'datamin', 'tech', 'busi', 'computersci', 'tableau', 'databas', 'thecleverprogramm', 'amankharw']"
5,3884,7,10,144,"['import', 'soft', 'skill', 'everi', 'data', 'scientist', 'data', 'datasci', 'dataanalysi', 'dataanalyt', 'datascientist', 'machinelearn', 'python', 'pythonprogram', 'pythonproject', 'pythoncod', 'artificialintellig', 'ai', 'deeplearn', 'algorithm', 'algorithm', 'machinelearningalgorithm', 'ml', 'amankharw', 'thecleverprogramm', 'softskil']","['data', 'datasci', 'dataanalysi', 'dataanalyt', 'datascientist', 'machinelearn', 'python', 'pythonprogram', 'pythonproject', 'pythoncod', 'artificialintellig', 'ai', 'deeplearn', 'algorithm', 'algorithm', 'machinelearningalgorithm', 'ml', 'amankharw', 'thecleverprogramm', 'softskil']"
6,2621,5,1,76,"['learn', 'analyz', 'candlestick', 'chart', 'data', 'scientist', 'financi', 'analyst', 'hope', 'resourc', 'help', 'invest', 'analyz', 'stock', 'market', 'stockmarket', 'invest', 'stock', 'trade', 'money', 'invest', 'financ', 'forex', 'datavisu', 'datasci', 'data', 'dataanalyt', 'machinelearn', 'dataanalysi', 'ai', 'candlestick', 'candlestickchart']","['stockmarket', 'invest', 'stock', 'trade', 'money', 'invest', 'financ', 'forex', 'datavisu', 'datasci', 'data', 'dataanalyt', 'machinelearn', 'dataanalysi', 'ai', 'candlestick', 'candlestickchart']"
7,3541,4,9,124,"['best', 'book', 'follow', 'learn', 'python', 'scratch', 'python', 'pythonprogram', 'pythonproject', 'pythoncod', 'pythonlearn', 'pythondevelop', 'pythoncod', 'pythonprogramm', 'amankharw', 'thecleverprogramm', 'pythonproject', 'pythonbook', 'bookstagram']","['python', 'pythonprogram', 'pythonproject', 'pythoncod', 'pythonlearn', 'pythondevelop', 'pythoncod', 'pythonprogramm', 'amankharw', 'thecleverprogramm', 'pythonproject', 'pythonbook', 'bookstagram']"
8,3749,6,8,159,"['best', 'data', 'analysi', 'project', 'idea', 'tri', 'show', 'resum', 'project', 'help', 'show', 'data', 'analysi', 'skill', 'dataanalyt', 'datasci', 'data', 'machinelearn', 'datavisu', 'bigdata', 'artificialintellig', 'datascientist', 'python', 'analyt', 'ai', 'dataanalysi', 'deeplearn', 'technolog', 'program', 'code', 'dataanalyst', 'busi', 'pythonprogram', 'datamin', 'tech', 'businessintellig', 'databas', 'computersci', 'statist', 'powerbi', 'dataanalysisproject', 'businessanalyt', 'thecleverprogramm', 'amankharw']","['dataanalyt', 'datasci', 'data', 'machinelearn', 'datavisu', 'bigdata', 'artificialintellig', 'datascientist', 'python', 'analyt', 'ai', 'dataanalysi', 'deeplearn', 'technolog', 'program', 'code', 'dataanalyst', 'busi', 'pythonprogram', 'datamin', 'tech', 'businessintellig', 'databas', 'computersci', 'statist', 'powerbi', 'dataanalysisproject', 'businessanalyt', 'thecleverprogramm', 'amankharw']"
9,4115,6,3,191,"['two', 'best', 'way', 'count', 'number', 'letter', 'string', 'use', 'python', 'python', 'pythonprogram', 'pythonproject', 'pythoncod', 'pythonlearn', 'pythondevelop', 'pythoncod', 'pythonprogramm', 'amankharw', 'thecleverprogramm', 'pythonproject']","['python', 'pythonprogram', 'pythonproject', 'pythoncod', 'pythonlearn', 'pythondevelop', 'pythoncod', 'pythonprogramm', 'amankharw', 'thecleverprogramm', 'pythonproject']"
10,2218,6,3,81,"['learn', 'implement', 'alexnet', 'convolut', 'neural', 'network', 'use', 'python', 'link', 'bio', 'neuralnetwork', 'machinelearn', 'artificialintellig', 'deeplearn', 'python', 'ai', 'datasci', 'neuralnetwork', 'program', 'tensorflow', 'datascientist', 'pythonprogram', 'tech', 'technolog', 'artificialintelligenceai', 'machinelearningalgorithm', 'computersci', 'code', 'ml', 'data', 'amankharw', 'thecleverprogramm', 'alexnet']","['neuralnetwork', 'machinelearn', 'artificialintellig', 'deeplearn', 'python', 'ai', 'datasci', 'neuralnetwork', 'program', 'tensorflow', 'datascientist', 'pythonprogram', 'tech', 'technolog', 'artificialintelligenceai', 'machinelearningalgorithm', 'computersci', 'code', 'ml', 'data', 'amankharw', 'thecleverprogramm', 'alexnet']"
11,3234,8,14,151,"['here', 'get', 'live', 'stock', 'price', 'data', 'compani', 'use', 'python', 'program', 'languag', 'python', 'pythonprogram', 'pythonproject', 'pythoncod', 'pythonlearn', 'pythondevelop', 'pythoncod', 'pythonprogramm', 'amankharw', 'thecleverprogramm', 'pythonproject']","['python', 'pythonprogram', 'pythonproject', 'pythoncod', 'pythonlearn', 'pythondevelop', 'pythoncod', 'pythonprogramm', 'amankharw', 'thecleverprogramm', 'pythonproject']"
12,4344,7,11,162,"['import', 'python', 'librari', 'data', 'scienc', 'know', 'fundament', 'python', 'librari', 'work', 'kind', 'data', 'scienc', 'problem', 'data', 'datasci', 'dataanalysi', 'dataanalyt', 'datascientist', 'machinelearn', 'python', 'pythonprogram', 'pythonproject', 'pythoncod', 'artificialintellig', 'ai', 'deeplearn', 'algorithm', 'algorithm', 'machinelearningalgorithm', 'ml', 'amankharw', 'thecleverprogramm']","['data', 'datasci', 'dataanalysi', 'dataanalyt', 'datascientist', 'machinelearn', 'python', 'pythonprogram', 'pythonproject', 'pythoncod', 'artificialintellig', 'ai', 'deeplearn', 'algorithm', 'algorithm', 'machinelearningalgorithm', 'ml', 'amankharw', 'thecleverprogramm']"
13,3216,5,5,142,"['here', 'visual', 'interact', 'candlestick', 'chart', 'use', 'python', 'stockmarket', 'invest', 'stock', 'trade', 'money', 'invest', 'financ', 'forex', 'datavisu', 'datasci', 'data', 'dataanalyt', 'machinelearn', 'dataanalysi', 'ai', 'candlestick', 'candlestickchart', 'amankharw', 'thecleverprogramm']","['stockmarket', 'invest', 'stock', 'trade', 'money', 'invest', 'financ', 'forex', 'datavisu', 'datasci', 'data', 'dataanalyt', 'machinelearn', 'dataanalysi', 'ai', 'candlestick', 'candlestickchart', 'amankharw', 'thecleverprogramm']"
14,9453,6,10,294,"['omicron', 'variant', 'sentiment', 'analysi', 'use', 'python', 'link', 'bio', 'data', 'datasci', 'dataanalysi', 'dataanalyt', 'datascientist', 'machinelearn', 'python', 'pythonprogram', 'pythonproject', 'pythoncod', 'artificialintellig', 'ai', 'deeplearn', 'sentimentanalysi', 'sentiment', 'nlp', 'naturallanguageprocess', 'amankharw', 'thecleverprogramm']","['data', 'datasci', 'dataanalysi', 'dataanalyt', 'datascientist', 'machinelearn', 'python', 'pythonprogram', 'pythonproject', 'pythoncod', 'artificialintellig', 'ai', 'deeplearn', 'sentimentanalysi', 'sentiment', 'nlp', 'naturallanguageprocess', 'amankharw', 'thecleverprogramm']"
15,5055,7,11,159,"['data', 'scienc', 'time', 'seri', 'analysi', 'method', 'analyz', 'data', 'collect', 'interv', 'time', 'stock', 'price', 'data', 'covid', 'case', 'data', 'exampl', 'timeseri', 'data', 'time', 'seri', 'analysi', 'help', 'understand', 'underli', 'caus', 'trend', 'pattern', 'particular', 'time', 'interv', 'one', 'topic', 'everi', 'data', 'scientist', 'know', 'perfectli', 'look', 'best', 'book', 'learn', 'time', 'seri', 'analysi', 'choos', 'one', 'among', 'book', 'timeseri', 'time', 'statist', 'datasci', 'bigdata', 'machinelearn', 'python', 'ai', 'timeseriesanalysi', 'datavisu', 'dataanalyt', 'data', 'iot', 'analysi', 'timeseriesmalaysia', 'artificialintellig', 'analyt', 'amankharw', 'thecleverprogramm']","['timeseri', 'time', 'statist', 'datasci', 'bigdata', 'machinelearn', 'python', 'ai', 'timeseriesanalysi', 'datavisu', 'dataanalyt', 'data', 'iot', 'analysi', 'timeseriesmalaysia', 'artificialintellig', 'analyt', 'amankharw', 'thecleverprogramm']"
16,4002,17,18,205,"['highest', 'pay', 'skill', 'start', 'learn', 'today', 'skill', 'requir', 'come', 'specif', 'educ', 'background', 'passion', 'learn', 'skill', 'easili', 'find', 'mani', 'free', 'resourc', 'internet', 'dont', 'know', 'find', 'free', 'resourc', 'learn', 'skill', 'feel', 'free', 'reach', 'amankharw', 'happi', 'guid', 'career', 'job', 'job', 'jobsearch', 'educ', 'busi', 'success', 'careergo', 'motiv', 'work', 'careerdevelop', 'career', 'goal', 'resum', 'student', 'careeradvic', 'datasci', 'market', 'digitalmarket', 'medium', 'socialmedia', 'webdevelop', 'amankharw', 'thecleverprogramm']","['career', 'job', 'job', 'jobsearch', 'educ', 'busi', 'success', 'careergo', 'motiv', 'work', 'careerdevelop', 'career', 'goal', 'resum', 'student', 'careeradvic', 'datasci', 'market', 'digitalmarket', 'medium', 'socialmedia', 'webdevelop', 'amankharw', 'thecleverprogramm']"
17,3169,8,1,121,"['data', 'scienc', 'time', 'seri', 'analysi', 'method', 'analyz', 'data', 'collect', 'interv', 'time', 'stock', 'price', 'data', 'covid', 'case', 'data', 'exampl', 'timeseri', 'data', 'time', 'seri', 'analysi', 'help', 'understand', 'underli', 'caus', 'trend', 'pattern', 'particular', 'time', 'interv', 'one', 'topic', 'everi', 'data', 'scientist', 'know', 'perfectli', 'look', 'best', 'data', 'scienc', 'project', 'idea', 'time', 'seri', 'analysi', 'tri', 'work', 'project', 'timeseri', 'time', 'statist', 'datasci', 'bigdata', 'machinelearn', 'python', 'ai', 'timeseriesanalysi', 'datavisu', 'dataanalyt', 'data', 'iot', 'analysi', 'timeseriesmalaysia', 'artificialintellig', 'analyt', 'amankharw', 'thecleverprogramm']","['timeseri', 'time', 'statist', 'datasci', 'bigdata', 'machinelearn', 'python', 'ai', 'timeseriesanalysi', 'datavisu', 'dataanalyt', 'data', 'iot', 'analysi', 'timeseriesmalaysia', 'artificialintellig', 'analyt', 'amankharw', 'thecleverprogramm']"
18,6168,6,6,151,"['stress', 'anxieti', 'depress', 'threaten', 'mental', 'health', 'peopl', 'everi', 'person', 'reason', 'stress', 'life', 'peopl', 'often', 'share', 'feel', 'social', 'medium', 'platform', 'like', 'instagram', 'form', 'post', 'stori', 'reddit', 'form', 'ask', 'suggest', 'life', 'subreddit', 'past', 'year', 'mani', 'content', 'creator', 'come', 'forward', 'creat', 'content', 'help', 'peopl', 'mental', 'health', 'mani', 'organ', 'use', 'stress', 'detect', 'find', 'social', 'medium', 'user', 'stress', 'help', 'quickli', 'want', 'learn', 'use', 'machin', 'learn', 'detect', 'stress', 'social', 'medium', 'post', 'data', 'scienc', 'project', 'detect', 'stress', 'social', 'medium', 'post', 'machin', 'learn', 'use', 'python', 'link', 'bio', 'data', 'datasci', 'dataanalysi', 'dataanalyt', 'datascientist', 'machinelearn', 'python', 'pythonprogram', 'pythonproject', 'pythoncod', 'artificialintellig', 'ai', 'deeplearn', 'machinelearningproject', 'datascienceproject', 'amankharw', 'thecleverprogramm', 'machinelearningmodel', 'stress', 'stressdetect']","['data', 'datasci', 'dataanalysi', 'dataanalyt', 'datascientist', 'machinelearn', 'python', 'pythonprogram', 'pythonproject', 'pythoncod', 'artificialintellig', 'ai', 'deeplearn', 'machinelearningproject', 'datascienceproject', 'amankharw', 'thecleverprogramm', 'machinelearningmodel', 'stress', 'stressdetect']"
19,2407,8,20,72,"['data', 'scienc', 'use', 'case', 'here', 'zomato', 'use', 'data', 'futur', 'busi', 'model', 'data', 'datasci', 'dataanalysi', 'dataanalyt', 'datascientist', 'machinelearn', 'python', 'pythonprogram', 'pythonproject', 'pythoncod', 'artificialintellig', 'ai', 'deeplearn', 'machinelearningproject', 'datascienceproject', 'amankharw', 'thecleverprogramm', 'machinelearningmodel', 'zomato', 'busi', 'casestudi', 'businessmodel']","['data', 'datasci', 'dataanalysi', 'dataanalyt', 'datascientist', 'machinelearn', 'python', 'pythonprogram', 'pythonproject', 'pythoncod', 'artificialintellig', 'ai', 'deeplearn', 'machinelearningproject', 'datascienceproject', 'amankharw', 'thecleverprogramm', 'machinelearningmodel', 'zomato', 'busi', 'casestudi', 'businessmodel']"
20,2064,4,5,76,"['boxplot', 'statist', 'data', 'visual', 'techniqu', 'analyz', 'distribut', 'pattern', 'numer', 'data', 'point', 'dataset', 'repres', 'quartil', 'quartil', 'median', 'maximum', 'minimum', 'data', 'point', 'featur', 'help', 'understand', 'distribut', 'numer', 'valu', 'dataset', 'here', 'analyz', 'box', 'plot', 'data', 'scientist', 'datavisu', 'datasci', 'data', 'dataanalyt', 'machinelearn', 'dataanalysi', 'artificialintellig', 'python', 'datascientist', 'bigdata', 'deeplearn', 'dataviz', 'ai', 'analyt', 'technolog', 'dataanalyst', 'program', 'pythonprogram', 'statist', 'code', 'businessintellig', 'datamin', 'tech', 'busi', 'boxplot', 'thecleverprogramm', 'amankharw']","['datavisu', 'datasci', 'data', 'dataanalyt', 'machinelearn', 'dataanalysi', 'artificialintellig', 'python', 'datascientist', 'bigdata', 'deeplearn', 'dataviz', 'ai', 'analyt', 'technolog', 'dataanalyst', 'program', 'pythonprogram', 'statist', 'code', 'businessintellig', 'datamin', 'tech', 'busi', 'boxplot', 'thecleverprogramm', 'amankharw']"
21,3973,3,4,91,"['activ', 'function', 'function', 'use', 'neural', 'network', 'calcul', 'weight', 'sum', 'input', 'bias', 'done', 'determin', 'neuron', 'activ', 'happen', 'input', 'layer', 'receiv', 'train', 'data', 'train', 'neural', 'network', 'hidden', 'layer', 'use', 'calcul', 'help', 'find', 'relationship', 'featur', 'data', 'output', 'layer', 'give', 'result', 'control', 'activ', 'function', 'place', 'hidden', 'layer', 'produc', 'result', 'neural', 'network', 'neuralnetwork', 'machinelearn', 'artificialintellig', 'deeplearn', 'python', 'ai', 'datasci', 'neuralnetwork', 'program', 'tensorflow', 'datascientist', 'pythonprogram', 'tech', 'technolog', 'artificialintelligenceai', 'machinelearningalgorithm', 'computersci', 'code', 'ml', 'data', 'amankharw', 'thecleverprogramm']","['neuralnetwork', 'machinelearn', 'artificialintellig', 'deeplearn', 'python', 'ai', 'datasci', 'neuralnetwork', 'program', 'tensorflow', 'datascientist', 'pythonprogram', 'tech', 'technolog', 'artificialintelligenceai', 'machinelearningalgorithm', 'computersci', 'code', 'ml', 'data', 'amankharw', 'thecleverprogramm']"
22,7281,7,9,195,"['learn', 'send', 'automat', 'email', 'use', 'python', 'program', 'languag', 'link', 'bio', 'python', 'pythonprogram', 'pythonproject', 'pythoncod', 'pythonlearn', 'pythondevelop', 'pythoncod', 'pythonprogramm', 'amankharw', 'thecleverprogramm', 'pythonproject']","['python', 'pythonprogram', 'pythonproject', 'pythoncod', 'pythonlearn', 'pythondevelop', 'pythoncod', 'pythonprogramm', 'amankharw', 'thecleverprogramm', 'pythonproject']"
23,3052,5,14,129,"['program', 'languag', 'googl', 'use', 'frontend', 'backend', 'googl', 'program', 'code', 'programm', 'python', 'develop', 'javascript', 'technolog', 'code', 'coder', 'java', 'html', 'computersci', 'tech', 'cs', 'webdevelop', 'softwar', 'webdevelop', 'codinglif', 'softwaredevelop', 'linux', 'programmingmem', 'webdesign', 'programm', 'php', 'programminglif', 'machinelearn', 'hack', 'pythonprogram', 'thecleverprogramm', 'amankharw']","['program', 'code', 'programm', 'python', 'develop', 'javascript', 'technolog', 'code', 'coder', 'java', 'html', 'computersci', 'tech', 'cs', 'webdevelop', 'softwar', 'webdevelop', 'codinglif', 'softwaredevelop', 'linux', 'programmingmem', 'webdesign', 'programm', 'php', 'programminglif', 'machinelearn', 'hack', 'pythonprogram', 'thecleverprogramm', 'amankharw']"
24,4628,8,3,160,"['deep', 'learn', 'subset', 'machin', 'learn', 'want', 'becom', 'machin', 'learn', 'engin', 'know', 'everyth', 'deep', 'learn', 'look', 'best', 'free', 'resourc', 'learn', 'deep', 'learn', 'two', 'best', 'free', 'resourc', 'learn', 'deep', 'learn', 'deeplearn', 'machinelearn', 'artificialintellig', 'datasci', 'ai', 'python', 'code', 'technolog', 'program', 'bigdata', 'dataanalyt', 'datascientist', 'data', 'computersci', 'tech', 'neuralnetwork', 'amankharw', 'thecleverprogramm']","['deeplearn', 'machinelearn', 'artificialintellig', 'datasci', 'ai', 'python', 'code', 'technolog', 'program', 'bigdata', 'dataanalyt', 'datascientist', 'data', 'computersci', 'tech', 'neuralnetwork', 'amankharw', 'thecleverprogramm']"
25,4082,11,5,175,"['deep', 'learn', 'subset', 'machin', 'learn', 'use', 'artifici', 'neural', 'network', 'train', 'model', 'solv', 'complex', 'problem', 'need', 'larg', 'amount', 'data', 'compar', 'machin', 'learn', 'algorithm', 'best', 'deep', 'learn', 'project', 'idea', 'must', 'tri', 'deeplearn', 'machinelearn', 'artificialintellig', 'datasci', 'ai', 'python', 'code', 'technolog', 'program', 'bigdata', 'dataanalyt', 'datascientist', 'data', 'computersci', 'tech', 'neuralnetwork', 'amankharw', 'thecleverprogramm']","['deeplearn', 'machinelearn', 'artificialintellig', 'datasci', 'ai', 'python', 'code', 'technolog', 'program', 'bigdata', 'dataanalyt', 'datascientist', 'data', 'computersci', 'tech', 'neuralnetwork', 'amankharw', 'thecleverprogramm']"
26,5394,19,6,147,"['must', 'heard', 'invest', 'cryptocurr', 'life', 'digit', 'medium', 'exchang', 'encrypt', 'decentr', 'want', 'know', 'predict', 'futur', 'price', 'cryptocurr', 'machin', 'learn', 'help', 'learn', 'predict', 'futur', 'price', 'bitcoin', 'machin', 'learn', 'use', 'python', 'data', 'datasci', 'dataanalysi', 'dataanalyt', 'datascientist', 'machinelearn', 'python', 'pythonprogram', 'pythonproject', 'pythoncod', 'artificialintellig', 'ai', 'deeplearn', 'machinelearningproject', 'datascienceproject', 'amankharw', 'thecleverprogramm', 'bitcoin', 'cryptocurr']","['data', 'datasci', 'dataanalysi', 'dataanalyt', 'datascientist', 'machinelearn', 'python', 'pythonprogram', 'pythonproject', 'pythoncod', 'artificialintellig', 'ai', 'deeplearn', 'machinelearningproject', 'datascienceproject', 'amankharw', 'thecleverprogramm', 'bitcoin', 'cryptocurr']"
27,2766,10,4,114,"['program', 'languag', 'facebook', 'use', 'frontend', 'backend', 'facebook', 'program', 'code', 'programm', 'python', 'develop', 'javascript', 'technolog', 'code', 'coder', 'java', 'html', 'computersci', 'tech', 'cs', 'webdevelop', 'softwar', 'webdevelop', 'codinglif', 'softwaredevelop', 'linux', 'programmingmem', 'webdesign', 'programm', 'php', 'programminglif', 'machinelearn', 'hack', 'pythonprogram', 'thecleverprogramm', 'amankharw']","['program', 'code', 'programm', 'python', 'develop', 'javascript', 'technolog', 'code', 'coder', 'java', 'html', 'computersci', 'tech', 'cs', 'webdevelop', 'softwar', 'webdevelop', 'codinglif', 'softwaredevelop', 'linux', 'programmingmem', 'webdesign', 'programm', 'php', 'programminglif', 'machinelearn', 'hack', 'pythonprogram', 'thecleverprogramm', 'amankharw']"
28,3924,11,3,151,"['popular', 'data', 'scienc', 'case', 'studi', 'project', 'everi', 'data', 'scienc', 'beginn', 'tri', 'find', 'case', 'studi', 'project', 'solut', 'kaggl', 'data', 'datasci', 'dataanalysi', 'dataanalyt', 'datascientist', 'machinelearn', 'python', 'pythonprogram', 'pythonproject', 'pythoncod', 'artificialintellig', 'ai', 'deeplearn', 'algorithm', 'algorithm', 'machinelearningalgorithm', 'ml', 'amankharw', 'thecleverprogramm', 'project', 'casestudi']","['data', 'datasci', 'dataanalysi', 'dataanalyt', 'datascientist', 'machinelearn', 'python', 'pythonprogram', 'pythonproject', 'pythoncod', 'artificialintellig', 'ai', 'deeplearn', 'algorithm', 'algorithm', 'machinelearningalgorithm', 'ml', 'amankharw', 'thecleverprogramm', 'project', 'casestudi']"
29,3015,11,4,92,"['here', 'amazon', 'use', 'data', 'ecommerc', 'platform', 'hope', 'post', 'help', 'understand', 'amazon', 'use', 'data', 'scienc', 'improv', 'qualiti', 'servic', 'data', 'datasci', 'dataanalysi', 'dataanalyt', 'datascientist', 'machinelearn', 'python', 'pythonprogram', 'pythonproject', 'pythoncod', 'artificialintellig', 'ai', 'deeplearn', 'machinelearningproject', 'datascienceproject', 'amankharw', 'thecleverprogramm', 'machinelearningmodel', 'zomato', 'busi', 'casestudi', 'businessmodel', 'amazonfind']","['data', 'datasci', 'dataanalysi', 'dataanalyt', 'datascientist', 'machinelearn', 'python', 'pythonprogram', 'pythonproject', 'pythoncod', 'artificialintellig', 'ai', 'deeplearn', 'machinelearningproject', 'datascienceproject', 'amankharw', 'thecleverprogramm', 'machinelearningmodel', 'zomato', 'busi', 'casestudi', 'businessmodel', 'amazonfind']"
30,6666,9,3,214,"['googl', 'search', 'analysi', 'one', 'best', 'data', 'analysi', 'project', 'idea', 'someon', 'want', 'work', 'data', 'analyst', 'market', 'task', 'analyz', 'search', 'trend', 'googl', 'learn', 'analyz', 'googl', 'search', 'trend', 'visit', 'link', 'bio', 'data', 'datasci', 'dataanalysi', 'dataanalyt', 'datascientist', 'machinelearn', 'python', 'pythonprogram', 'pythonproject', 'pythoncod', 'artificialintellig', 'ai', 'deeplearn', 'machinelearningproject', 'datascienceproject', 'amankharw', 'thecleverprogramm']","['data', 'datasci', 'dataanalysi', 'dataanalyt', 'datascientist', 'machinelearn', 'python', 'pythonprogram', 'pythonproject', 'pythoncod', 'artificialintellig', 'ai', 'deeplearn', 'machinelearningproject', 'datascienceproject', 'amankharw', 'thecleverprogramm']"
31,3854,11,15,150,"['databas', 'googl', 'use', 'data', 'technolog', 'datasci', 'busi', 'tech', 'bigdata', 'dataanalyt', 'machinelearn', 'ai', 'analyt', 'datavisu', 'secur', 'artificialintellig', 'cybersecur', 'program', 'python', 'softwar', 'code', 'network', 'internet', 'cloud', 'dataanalysi', 'innov', 'datascientist', 'databas', 'amankharw', 'thecleverprogramm', 'googl']","['data', 'technolog', 'datasci', 'busi', 'tech', 'bigdata', 'dataanalyt', 'machinelearn', 'ai', 'analyt', 'datavisu', 'secur', 'artificialintellig', 'cybersecur', 'program', 'python', 'softwar', 'code', 'network', 'internet', 'cloud', 'dataanalysi', 'innov', 'datascientist', 'databas', 'amankharw', 'thecleverprogramm', 'googl']"
32,4355,8,4,122,"['popular', 'program', 'languag', 'use', 'program', 'code', 'programm', 'python', 'develop', 'javascript', 'technolog', 'code', 'coder', 'java', 'html', 'computersci', 'tech', 'cs', 'webdevelop', 'softwar', 'webdevelop', 'codinglif', 'softwaredevelop', 'linux', 'programmingmem', 'webdesign', 'programm', 'php', 'programminglif', 'machinelearn', 'hack', 'pythonprogram', 'thecleverprogramm', 'amankharw']","['program', 'code', 'programm', 'python', 'develop', 'javascript', 'technolog', 'code', 'coder', 'java', 'html', 'computersci', 'tech', 'cs', 'webdevelop', 'softwar', 'webdevelop', 'codinglif', 'softwaredevelop', 'linux', 'programmingmem', 'webdesign', 'programm', 'php', 'programminglif', 'machinelearn', 'hack', 'pythonprogram', 'thecleverprogramm', 'amankharw']"
33,4343,6,3,152,"['natur', 'languag', 'process', 'nlp', 'subfield', 'artifici', 'intellig', 'build', 'applic', 'interact', 'human', 'complet', 'process', 'follow', 'work', 'everi', 'problem', 'base', 'natur', 'languag', 'process', 'data', 'datasci', 'dataanalysi', 'dataanalyt', 'datascientist', 'machinelearn', 'python', 'pythonprogram', 'pythonproject', 'pythoncod', 'artificialintellig', 'ai', 'deeplearn', 'sentimentanalysi', 'sentiment', 'nlp', 'naturallanguageprocess', 'amankharw', 'thecleverprogramm']","['data', 'datasci', 'dataanalysi', 'dataanalyt', 'datascientist', 'machinelearn', 'python', 'pythonprogram', 'pythonproject', 'pythoncod', 'artificialintellig', 'ai', 'deeplearn', 'sentimentanalysi', 'sentiment', 'nlp', 'naturallanguageprocess', 'amankharw', 'thecleverprogramm']"
34,6108,7,8,196,"['lstm', 'stand', 'long', 'short', 'term', 'memori', 'network', 'type', 'recurr', 'neural', 'network', 'commonli', 'use', 'regress', 'time', 'seri', 'forecast', 'machin', 'learn', 'learn', 'use', 'lstm', 'neural', 'network', 'task', 'stock', 'price', 'predict', 'use', 'python', 'neuralnetwork', 'machinelearn', 'artificialintellig', 'deeplearn', 'python', 'ai', 'datasci', 'neuralnetwork', 'program', 'tensorflow', 'datascientist', 'pythonprogram', 'tech', 'technolog', 'artificialintelligenceai', 'machinelearningalgorithm', 'computersci', 'code', 'ml', 'data', 'amankharw', 'thecleverprogramm']","['neuralnetwork', 'machinelearn', 'artificialintellig', 'deeplearn', 'python', 'ai', 'datasci', 'neuralnetwork', 'program', 'tensorflow', 'datascientist', 'pythonprogram', 'tech', 'technolog', 'artificialintelligenceai', 'machinelearningalgorithm', 'computersci', 'code', 'ml', 'data', 'amankharw', 'thecleverprogramm']"
35,2523,6,0,86,"['token', 'first', 'step', 'perform', 'collect', 'textual', 'dataset', 'everi', 'problem', 'base', 'natur', 'languag', 'process', 'sentenc', 'word', 'token', 'two', 'differ', 'strategi', 'token', 'know', 'data', 'datasci', 'dataanalysi', 'dataanalyt', 'datascientist', 'machinelearn', 'python', 'pythonprogram', 'pythonproject', 'pythoncod', 'artificialintellig', 'ai', 'deeplearn', 'sentimentanalysi', 'sentiment', 'nlp', 'naturallanguageprocess', 'amankharw', 'thecleverprogramm']","['data', 'datasci', 'dataanalysi', 'dataanalyt', 'datascientist', 'machinelearn', 'python', 'pythonprogram', 'pythonproject', 'pythoncod', 'artificialintellig', 'ai', 'deeplearn', 'sentimentanalysi', 'sentiment', 'nlp', 'naturallanguageprocess', 'amankharw', 'thecleverprogramm']"
36,2327,3,3,85,"['databas', 'use', 'facebook', 'data', 'technolog', 'datasci', 'busi', 'tech', 'bigdata', 'dataanalyt', 'machinelearn', 'ai', 'analyt', 'datavisu', 'secur', 'artificialintellig', 'cybersecur', 'program', 'python', 'softwar', 'code', 'network', 'internet', 'cloud', 'dataanalysi', 'innov', 'datascientist', 'databas', 'amankharw', 'thecleverprogramm', 'facebook']","['data', 'technolog', 'datasci', 'busi', 'tech', 'bigdata', 'dataanalyt', 'machinelearn', 'ai', 'analyt', 'datavisu', 'secur', 'artificialintellig', 'cybersecur', 'program', 'python', 'softwar', 'code', 'network', 'internet', 'cloud', 'dataanalysi', 'innov', 'datascientist', 'databas', 'amankharw', 'thecleverprogramm', 'facebook']"
37,3990,4,11,156,"['best', 'data', 'scienc', 'project', 'idea', 'natur', 'languag', 'process', 'tri', 'data', 'datasci', 'dataanalysi', 'dataanalyt', 'datascientist', 'machinelearn', 'python', 'pythonprogram', 'pythonproject', 'pythoncod', 'artificialintellig', 'ai', 'deeplearn', 'sentimentanalysi', 'sentiment', 'nlp', 'naturallanguageprocess', 'amankharw', 'thecleverprogramm']","['data', 'datasci', 'dataanalysi', 'dataanalyt', 'datascientist', 'machinelearn', 'python', 'pythonprogram', 'pythonproject', 'pythoncod', 'artificialintellig', 'ai', 'deeplearn', 'sentimentanalysi', 'sentiment', 'nlp', 'naturallanguageprocess', 'amankharw', 'thecleverprogramm']"
38,2191,2,1,72,"['languag', 'detect', 'natur', 'languag', 'process', 'task', 'need', 'identifi', 'languag', 'text', 'document', 'learn', 'train', 'machin', 'learn', 'model', 'languag', 'detect', 'use', 'python', 'data', 'datasci', 'dataanalysi', 'dataanalyt', 'datascientist', 'machinelearn', 'python', 'pythonprogram', 'pythonproject', 'pythoncod', 'artificialintellig', 'ai', 'deeplearn', 'sentimentanalysi', 'sentiment', 'nlp', 'naturallanguageprocess', 'amankharw', 'thecleverprogramm']","['data', 'datasci', 'dataanalysi', 'dataanalyt', 'datascientist', 'machinelearn', 'python', 'pythonprogram', 'pythonproject', 'pythoncod', 'artificialintellig', 'ai', 'deeplearn', 'sentimentanalysi', 'sentiment', 'nlp', 'naturallanguageprocess', 'amankharw', 'thecleverprogramm']"
39,1941,6,3,82,"['neural', 'network', 'comput', 'structur', 'connect', 'input', 'layer', 'output', 'layer', 'here', 'neural', 'network', 'work', 'neuralnetwork', 'machinelearn', 'artificialintellig', 'deeplearn', 'python', 'ai', 'datasci', 'neuralnetwork', 'program', 'tensorflow', 'datascientist', 'pythonprogram', 'tech', 'technolog', 'artificialintelligenceai', 'machinelearningalgorithm', 'computersci', 'code', 'ml', 'data', 'amankharw', 'thecleverprogramm']","['neuralnetwork', 'machinelearn', 'artificialintellig', 'deeplearn', 'python', 'ai', 'datasci', 'neuralnetwork', 'program', 'tensorflow', 'datascientist', 'pythonprogram', 'tech', 'technolog', 'artificialintelligenceai', 'machinelearningalgorithm', 'computersci', 'code', 'ml', 'data', 'amankharw', 'thecleverprogramm']"
40,16062,6,20,416,"['machin', 'learn', 'project', 'solv', 'explain', 'use', 'python', 'program', 'languag', 'link', 'bio', 'data', 'datasci', 'dataanalysi', 'dataanalyt', 'datascientist', 'machinelearn', 'python', 'pythonprogram', 'pythonproject', 'pythoncod', 'artificialintellig', 'ai', 'deeplearn', 'machinelearningproject', 'datascienceproject', 'amankharw', 'thecleverprogramm']","['data', 'datasci', 'dataanalysi', 'dataanalyt', 'datascientist', 'machinelearn', 'python', 'pythonprogram', 'pythonproject', 'pythoncod', 'artificialintellig', 'ai', 'deeplearn', 'machinelearningproject', 'datascienceproject', 'amankharw', 'thecleverprogramm']"
41,4998,4,13,180,"['prepar', 'first', 'data', 'scienc', 'interview', 'data', 'datasci', 'dataanalysi', 'dataanalyt', 'datascientist', 'machinelearn', 'python', 'pythonprogram', 'pythonproject', 'pythoncod', 'artificialintellig', 'ai', 'deeplearn', 'machinelearningproject', 'datascienceproject', 'amankharw', 'thecleverprogramm', 'interview', 'datascienceinterview']","['data', 'datasci', 'dataanalysi', 'dataanalyt', 'datascientist', 'machinelearn', 'python', 'pythonprogram', 'pythonproject', 'pythoncod', 'artificialintellig', 'ai', 'deeplearn', 'machinelearningproject', 'datascienceproject', 'amankharw', 'thecleverprogramm', 'interview', 'datascienceinterview']"
42,4289,8,4,150,"['differ', 'process', 'deep', 'learn', 'machin', 'learn', 'data', 'datasci', 'dataanalysi', 'dataanalyt', 'datascientist', 'machinelearn', 'python', 'pythonprogram', 'pythonproject', 'pythoncod', 'artificialintellig', 'ai', 'deeplearn', 'machinelearningproject', 'datascienceproject', 'amankharw', 'thecleverprogramm', 'interview', 'neuralnetwork']","['data', 'datasci', 'dataanalysi', 'dataanalyt', 'datascientist', 'machinelearn', 'python', 'pythonprogram', 'pythonproject', 'pythoncod', 'artificialintellig', 'ai', 'deeplearn', 'machinelearningproject', 'datascienceproject', 'amankharw', 'thecleverprogramm', 'interview', 'neuralnetwork']"
43,3880,4,2,127,"['compani', 'way', 'creat', 'otp', 'verif', 'compani', 'system', 'program', 'gener', 'digit', 'random', 'number', 'learn', 'complet', 'process', 'otp', 'verif', 'use', 'python', 'python', 'pythonprogram', 'pythonproject', 'pythoncod', 'pythonlearn', 'pythondevelop', 'pythoncod', 'pythonprogramm', 'amankharw', 'thecleverprogramm', 'pythonproject', 'otp', 'otpverif']","['python', 'pythonprogram', 'pythonproject', 'pythoncod', 'pythonlearn', 'pythondevelop', 'pythoncod', 'pythonprogramm', 'amankharw', 'thecleverprogramm', 'pythonproject', 'otp', 'otpverif']"
44,3786,9,5,167,"['here', 'creat', 'qr', 'code', 'use', 'python', 'program', 'languag', 'python', 'pythonprogram', 'pythonproject', 'pythoncod', 'pythonlearn', 'pythondevelop', 'pythoncod', 'pythonprogramm', 'amankharw', 'thecleverprogramm', 'pythonproject', 'qrcode']","['python', 'pythonprogram', 'pythonproject', 'pythoncod', 'pythonlearn', 'pythondevelop', 'pythoncod', 'pythonprogramm', 'amankharw', 'thecleverprogramm', 'pythonproject', 'qrcode']"
45,4298,6,19,225,"['best', 'python', 'project', 'idea', 'resum', 'work', 'python', 'develop', 'python', 'pythonprogram', 'pythonproject', 'pythoncod', 'pythonlearn', 'pythondevelop', 'pythoncod', 'pythonprogramm', 'amankharw', 'thecleverprogramm', 'pythonproject']","['python', 'pythonprogram', 'pythonproject', 'pythoncod', 'pythonlearn', 'pythondevelop', 'pythoncod', 'pythonprogramm', 'amankharw', 'thecleverprogramm', 'pythonproject']"
46,3630,4,10,137,"['best', 'data', 'analysi', 'project', 'idea', 'resum', 'tri', 'data', 'datasci', 'dataanalysi', 'dataanalyt', 'datascientist', 'machinelearn', 'python', 'pythonprogram', 'pythonproject', 'pythoncod', 'artificialintellig', 'ai', 'deeplearn', 'machinelearningproject', 'datascienceproject', 'amankharw', 'thecleverprogramm']","['data', 'datasci', 'dataanalysi', 'dataanalyt', 'datascientist', 'machinelearn', 'python', 'pythonprogram', 'pythonproject', 'pythoncod', 'artificialintellig', 'ai', 'deeplearn', 'machinelearningproject', 'datascienceproject', 'amankharw', 'thecleverprogramm']"
47,2826,3,3,114,"['visual', 'data', 'one', 'valuabl', 'skill', 'everi', 'data', 'scientist', 'analyst', 'lot', 'data', 'visual', 'learn', 'data', 'scienc', 'find', 'list', 'data', 'visual', 'data', 'scienc', 'explain', 'use', 'python', 'dataanalyt', 'datasci', 'data', 'machinelearn', 'datavisu', 'bigdata', 'artificialintellig', 'datascientist', 'python', 'analyt', 'ai', 'dataanalysi', 'deeplearn', 'technolog', 'program', 'code', 'dataanalyst', 'busi', 'pythonprogram', 'datamin', 'tech', 'businessintellig', 'databas', 'computersci', 'statist', 'powerbi', 'dataanalysisproject', 'businessanalyt', 'thecleverprogramm', 'amankharw']","['dataanalyt', 'datasci', 'data', 'machinelearn', 'datavisu', 'bigdata', 'artificialintellig', 'datascientist', 'python', 'analyt', 'ai', 'dataanalysi', 'deeplearn', 'technolog', 'program', 'code', 'dataanalyst', 'busi', 'pythonprogram', 'datamin', 'tech', 'businessintellig', 'databas', 'computersci', 'statist', 'powerbi', 'dataanalysisproject', 'businessanalyt', 'thecleverprogramm', 'amankharw']"
48,7407,5,15,263,"['import', 'machin', 'learn', 'algorithm', 'everi', 'beginn', 'machin', 'learn', 'know', 'data', 'datasci', 'dataanalysi', 'dataanalyt', 'datascientist', 'machinelearn', 'python', 'pythonprogram', 'pythonproject', 'pythoncod', 'artificialintellig', 'ai', 'deeplearn', 'machinelearningproject', 'datascienceproject', 'amankharw', 'thecleverprogramm']","['data', 'datasci', 'dataanalysi', 'dataanalyt', 'datascientist', 'machinelearn', 'python', 'pythonprogram', 'pythonproject', 'pythoncod', 'artificialintellig', 'ai', 'deeplearn', 'machinelearningproject', 'datascienceproject', 'amankharw', 'thecleverprogramm']"
49,10386,8,41,328,"['best', 'websit', 'follow', 'learn', 'everyth', 'data', 'scienc', 'data', 'datasci', 'dataanalysi', 'dataanalyt', 'datascientist', 'machinelearn', 'python', 'pythonprogram', 'pythonproject', 'pythoncod', 'artificialintellig', 'ai', 'deeplearn', 'machinelearningproject', 'datascienceproject', 'amankharw', 'thecleverprogramm']","['data', 'datasci', 'dataanalysi', 'dataanalyt', 'datascientist', 'machinelearn', 'python', 'pythonprogram', 'pythonproject', 'pythoncod', 'artificialintellig', 'ai', 'deeplearn', 'machinelearningproject', 'datascienceproject', 'amankharw', 'thecleverprogramm']"
50,2998,4,1,126,"['time', 'seri', 'analysi', 'mean', 'analyz', 'find', 'pattern', 'time', 'seri', 'dataset', 'timeseri', 'dataset', 'sequenc', 'data', 'collect', 'interv', 'time', 'learn', 'time', 'seri', 'analysi', 'use', 'python', 'timeseri', 'time', 'statist', 'datasci', 'bigdata', 'machinelearn', 'python', 'ai', 'timeseriesanalysi', 'datavisu', 'dataanalyt', 'data', 'iot', 'analysi', 'timeseriesmalaysia', 'artificialintellig', 'analyt', 'amankharw', 'thecleverprogramm']","['timeseri', 'time', 'statist', 'datasci', 'bigdata', 'machinelearn', 'python', 'ai', 'timeseriesanalysi', 'datavisu', 'dataanalyt', 'data', 'iot', 'analysi', 'timeseriesmalaysia', 'artificialintellig', 'analyt', 'amankharw', 'thecleverprogramm']"
51,7018,9,16,236,"['best', 'data', 'sourc', 'use', 'collect', 'data', 'data', 'scienc', 'project', 'data', 'datasci', 'dataanalysi', 'dataanalyt', 'datascientist', 'machinelearn', 'python', 'pythonprogram', 'pythonproject', 'pythoncod', 'artificialintellig', 'ai', 'deeplearn', 'machinelearningproject', 'datascienceproject', 'amankharw', 'thecleverprogramm']","['data', 'datasci', 'dataanalysi', 'dataanalyt', 'datascientist', 'machinelearn', 'python', 'pythonprogram', 'pythonproject', 'pythoncod', 'artificialintellig', 'ai', 'deeplearn', 'machinelearningproject', 'datascienceproject', 'amankharw', 'thecleverprogramm']"
52,2941,2,1,99,"['one', 'mistak', 'data', 'scienc', 'newbi', 'make', 'work', 'machin', 'learn', 'project', 'train', 'machin', 'learn', 'model', 'check', 'accuraci', 'score', 'complet', 'project', 'test', 'perform', 'model', 'give', 'input', 'model', 'base', 'featur', 'use', 'train', 'learn', 'give', 'input', 'machin', 'learn', 'model', 'test', 'perform', 'data', 'datasci', 'dataanalysi', 'dataanalyt', 'datascientist', 'machinelearn', 'python', 'pythonprogram', 'pythonproject', 'pythoncod', 'artificialintellig', 'ai', 'deeplearn', 'machinelearningproject', 'datascienceproject', 'amankharw', 'thecleverprogramm']","['data', 'datasci', 'dataanalysi', 'dataanalyt', 'datascientist', 'machinelearn', 'python', 'pythonprogram', 'pythonproject', 'pythoncod', 'artificialintellig', 'ai', 'deeplearn', 'machinelearningproject', 'datascienceproject', 'amankharw', 'thecleverprogramm']"
53,6432,11,8,212,"['best', 'data', 'scienc', 'project', 'idea', 'resum', 'tri', 'data', 'datasci', 'dataanalysi', 'dataanalyt', 'datascientist', 'machinelearn', 'python', 'pythonprogram', 'pythonproject', 'pythoncod', 'artificialintellig', 'ai', 'deeplearn', 'machinelearningproject', 'datascienceproject', 'amankharw', 'thecleverprogramm']","['data', 'datasci', 'dataanalysi', 'dataanalyt', 'datascientist', 'machinelearn', 'python', 'pythonprogram', 'pythonproject', 'pythoncod', 'artificialintellig', 'ai', 'deeplearn', 'machinelearningproject', 'datascienceproject', 'amankharw', 'thecleverprogramm']"
54,10667,13,15,297,"['python', 'project', 'sourc', 'code', 'solv', 'explain', 'free', 'link', 'bio', 'python', 'pythonprogram', 'pythonproject', 'pythoncod', 'pythonlearn', 'pythondevelop', 'pythoncod', 'pythonprogramm', 'amankharw', 'thecleverprogramm', 'pythonproject']","['python', 'pythonprogram', 'pythonproject', 'pythoncod', 'pythonlearn', 'pythondevelop', 'pythoncod', 'pythonprogramm', 'amankharw', 'thecleverprogramm', 'pythonproject']"
55,3988,6,9,142,"['import', 'data', 'visual', 'everi', 'data', 'scientist', 'must', 'know', 'datavisu', 'datasci', 'data', 'dataanalyt', 'machinelearn', 'dataanalysi', 'artificialintellig', 'python', 'datascientist', 'bigdata', 'deeplearn', 'dataviz', 'ai', 'analyt', 'technolog', 'dataanalyst', 'program', 'pythonprogram', 'statist', 'code', 'businessintellig', 'datamin', 'tech', 'busi', 'computersci', 'tableau', 'databas', 'bigdataanalyt', 'powerbi']","['datavisu', 'datasci', 'data', 'dataanalyt', 'machinelearn', 'dataanalysi', 'artificialintellig', 'python', 'datascientist', 'bigdata', 'deeplearn', 'dataviz', 'ai', 'analyt', 'technolog', 'dataanalyst', 'program', 'pythonprogram', 'statist', 'code', 'businessintellig', 'datamin', 'tech', 'busi', 'computersci', 'tableau', 'databas', 'bigdataanalyt', 'powerbi']"
56,4978,9,2,186,"['best', 'data', 'scienc', 'project', 'idea', 'base', 'recommend', 'system', 'tri', 'recommend', 'recommend', 'recommendationsystem', 'recommend', 'data', 'datasci', 'dataanalysi', 'dataanalyt', 'datascientist', 'machinelearn', 'python', 'pythonprogram', 'pythonproject', 'pythoncod', 'artificialintellig', 'ai', 'amankharw', 'thecleverprogramm']","['recommend', 'recommend', 'recommendationsystem', 'recommend', 'data', 'datasci', 'dataanalysi', 'dataanalyt', 'datascientist', 'machinelearn', 'python', 'pythonprogram', 'pythonproject', 'pythoncod', 'artificialintellig', 'ai', 'amankharw', 'thecleverprogramm']"
57,3388,1,7,112,"['varianc', 'covari', 'correl', 'statist', 'measur', 'find', 'relationship', 'data', 'point', 'dataset', 'here', 'differ', 'varianc', 'covari', 'correl', 'know', 'datavisu', 'datasci', 'data', 'dataanalyt', 'machinelearn', 'dataanalysi', 'artificialintellig', 'python', 'datascientist', 'bigdata', 'deeplearn', 'dataviz', 'ai', 'analyt', 'technolog', 'dataanalyst', 'program', 'pythonprogram', 'statist', 'amankharw', 'thecleverprogramm']","['datavisu', 'datasci', 'data', 'dataanalyt', 'machinelearn', 'dataanalysi', 'artificialintellig', 'python', 'datascientist', 'bigdata', 'deeplearn', 'dataviz', 'ai', 'analyt', 'technolog', 'dataanalyst', 'program', 'pythonprogram', 'statist', 'amankharw', 'thecleverprogramm']"
58,4467,3,16,149,"['popular', 'applic', 'data', 'scienc', 'financ', 'data', 'datasci', 'dataanalysi', 'dataanalyt', 'datascientist', 'machinelearn', 'python', 'pythonprogram', 'pythonproject', 'pythoncod', 'artificialintellig', 'ai', 'deeplearn', 'machinelearningproject', 'datascienceproject', 'amankharw', 'thecleverprogramm', 'financ', 'busi', 'money', 'invest']","['data', 'datasci', 'dataanalysi', 'dataanalyt', 'datascientist', 'machinelearn', 'python', 'pythonprogram', 'pythonproject', 'pythoncod', 'artificialintellig', 'ai', 'deeplearn', 'machinelearningproject', 'datascienceproject', 'amankharw', 'thecleverprogramm', 'financ', 'busi', 'money', 'invest']"
59,3246,5,14,132,"['best', 'websit', 'prepar', 'code', 'interview', 'code', 'program', 'programm', 'python', 'develop', 'javascript', 'code', 'coder', 'technolog', 'html', 'computersci', 'codinglif', 'java', 'webdevelop', 'tech', 'cs', 'webdevelop', 'softwar', 'softwaredevelop', 'interview', 'job', 'codinginterview', 'amankharw', 'thecleverprogramm']","['code', 'program', 'programm', 'python', 'develop', 'javascript', 'code', 'coder', 'technolog', 'html', 'computersci', 'codinglif', 'java', 'webdevelop', 'tech', 'cs', 'webdevelop', 'softwar', 'softwaredevelop', 'interview', 'job', 'codinginterview', 'amankharw', 'thecleverprogramm']"
60,5072,7,6,115,"['introduct', 'onlin', 'payment', 'system', 'help', 'lot', 'ea', 'payment', 'time', 'increas', 'payment', 'fraud', 'learn', 'detect', 'onlin', 'payment', 'fraud', 'machin', 'learn', 'use', 'python', 'data', 'datasci', 'dataanalysi', 'dataanalyt', 'datascientist', 'machinelearn', 'python', 'pythonprogram', 'pythonproject', 'pythoncod', 'artificialintellig', 'ai', 'deeplearn', 'machinelearningproject', 'datascienceproject', 'amankharw', 'thecleverprogramm']","['data', 'datasci', 'dataanalysi', 'dataanalyt', 'datascientist', 'machinelearn', 'python', 'pythonprogram', 'pythonproject', 'pythoncod', 'artificialintellig', 'ai', 'deeplearn', 'machinelearningproject', 'datascienceproject', 'amankharw', 'thecleverprogramm']"
61,6339,8,5,248,"['best', 'data', 'scienc', 'project', 'idea', 'healthcar', 'want', 'becom', 'data', 'scienc', 'profession', 'healthcar', 'domain', 'must', 'tri', 'work', 'project', 'healthcar', 'health', 'covid', 'data', 'datasci', 'dataanalysi', 'dataanalyt', 'datascientist', 'machinelearn', 'python', 'pythonprogram', 'pythonproject', 'pythoncod', 'artificialintellig', 'ai', 'dataanalyst', 'amankharw', 'thecleverprogramm']","['healthcar', 'health', 'covid', 'data', 'datasci', 'dataanalysi', 'dataanalyt', 'datascientist', 'machinelearn', 'python', 'pythonprogram', 'pythonproject', 'pythoncod', 'artificialintellig', 'ai', 'dataanalyst', 'amankharw', 'thecleverprogramm']"
62,4239,2,1,178,"['import', 'tool', 'use', 'daili', 'data', 'scientistanalyst', 'data', 'datasci', 'dataanalysi', 'dataanalyt', 'datascientist', 'machinelearn', 'python', 'pythonprogram', 'pythonproject', 'pythoncod', 'artificialintellig', 'ai', 'deeplearn', 'machinelearningproject', 'datascienceproject', 'amankharw', 'thecleverprogramm']","['data', 'datasci', 'dataanalysi', 'dataanalyt', 'datascientist', 'machinelearn', 'python', 'pythonprogram', 'pythonproject', 'pythoncod', 'artificialintellig', 'ai', 'deeplearn', 'machinelearningproject', 'datascienceproject', 'amankharw', 'thecleverprogramm']"
63,3454,0,0,107,"['learn', 'visual', 'linear', 'regress', 'algorithm', 'machin', 'learn', 'use', 'python', 'find', 'complet', 'tutori', 'link', 'bio', 'data', 'datasci', 'dataanalysi', 'dataanalyt', 'datascientist', 'machinelearn', 'python', 'pythonprogram', 'pythonproject', 'pythoncod', 'artificialintellig', 'ai', 'deeplearn', 'algorithm', 'algorithm', 'machinelearningalgorithm', 'amankharw', 'thecleverprogramm']","['data', 'datasci', 'dataanalysi', 'dataanalyt', 'datascientist', 'machinelearn', 'python', 'pythonprogram', 'pythonproject', 'pythoncod', 'artificialintellig', 'ai', 'deeplearn', 'algorithm', 'algorithm', 'machinelearningalgorithm', 'amankharw', 'thecleverprogramm']"
64,7571,7,12,269,"['use', 'python', 'script', 'use', 'solv', 'realtim', 'problem', 'project', 'python', 'pythonprogram', 'pythonproject', 'pythoncod', 'pythonlearn', 'pythondevelop', 'pythoncod', 'pythonprogramm', 'amankharw', 'thecleverprogramm']","['python', 'pythonprogram', 'pythonproject', 'pythoncod', 'pythonlearn', 'pythondevelop', 'pythoncod', 'pythonprogramm', 'amankharw', 'thecleverprogramm']"
65,3333,3,5,96,"['want', 'know', 'predict', 'futur', 'price', 'cryptocurr', 'machin', 'learn', 'help', 'learn', 'predict', 'futur', 'price', 'bitcoin', 'machin', 'learn', 'use', 'python', 'data', 'datasci', 'dataanalysi', 'dataanalyt', 'datascientist', 'machinelearn', 'python', 'pythonprogram', 'pythonproject', 'pythoncod', 'artificialintellig', 'ai', 'deeplearn', 'machinelearningproject', 'datascienceproject', 'amankharw', 'thecleverprogramm', 'bitcoin', 'cryptocurr']","['data', 'datasci', 'dataanalysi', 'dataanalyt', 'datascientist', 'machinelearn', 'python', 'pythonprogram', 'pythonproject', 'pythoncod', 'artificialintellig', 'ai', 'deeplearn', 'machinelearningproject', 'datascienceproject', 'amankharw', 'thecleverprogramm', 'bitcoin', 'cryptocurr']"
66,3818,6,0,134,"['calcul', 'execut', 'time', 'program', 'need', 'calcul', 'time', 'taken', 'program', 'initi', 'final', 'result', 'here', 'calcul', 'execut', 'time', 'python', 'program', 'python', 'pythonprogram', 'pythonproject', 'pythoncod', 'pythonlearn', 'pythondevelop', 'pythoncod', 'pythonprogramm', 'amankharw', 'thecleverprogramm']","['python', 'pythonprogram', 'pythonproject', 'pythoncod', 'pythonlearn', 'pythondevelop', 'pythoncod', 'pythonprogramm', 'amankharw', 'thecleverprogramm']"
67,10933,13,15,301,"['python', 'project', 'sourc', 'code', 'solv', 'explain', 'free', 'link', 'bio', 'python', 'pythonprogram', 'pythonproject', 'pythoncod', 'pythonlearn', 'pythondevelop', 'pythoncod', 'pythonprogramm', 'amankharw', 'thecleverprogramm', 'pythonproject']","['python', 'pythonprogram', 'pythonproject', 'pythoncod', 'pythonlearn', 'pythondevelop', 'pythoncod', 'pythonprogramm', 'amankharw', 'thecleverprogramm', 'pythonproject']"
68,5058,9,2,187,"['best', 'data', 'scienc', 'project', 'idea', 'base', 'recommend', 'system', 'tri', 'recommend', 'recommend', 'recommendationsystem', 'recommend', 'data', 'datasci', 'dataanalysi', 'dataanalyt', 'datascientist', 'machinelearn', 'python', 'pythonprogram', 'pythonproject', 'pythoncod', 'artificialintellig', 'ai', 'amankharw', 'thecleverprogramm']","['recommend', 'recommend', 'recommendationsystem', 'recommend', 'data', 'datasci', 'dataanalysi', 'dataanalyt', 'datascientist', 'machinelearn', 'python', 'pythonprogram', 'pythonproject', 'pythoncod', 'artificialintellig', 'ai', 'amankharw', 'thecleverprogramm']"
69,3601,0,3,94,"['one', 'popular', 'use', 'case', 'data', 'scienc', 'task', 'sentiment', 'analysi', 'product', 'review', 'sold', 'ecommerc', 'platform', 'learn', 'analyz', 'sentiment', 'flipkart', 'review', 'use', 'python', 'data', 'datasci', 'dataanalysi', 'dataanalyt', 'datascientist', 'machinelearn', 'python', 'pythonprogram', 'pythonproject', 'pythoncod', 'artificialintellig', 'ai', 'deeplearn', 'sentimentanalysi', 'sentiment', 'nlp', 'naturallanguageprocess', 'amankharw', 'thecleverprogramm', 'flipkart']","['data', 'datasci', 'dataanalysi', 'dataanalyt', 'datascientist', 'machinelearn', 'python', 'pythonprogram', 'pythonproject', 'pythoncod', 'artificialintellig', 'ai', 'deeplearn', 'sentimentanalysi', 'sentiment', 'nlp', 'naturallanguageprocess', 'amankharw', 'thecleverprogramm', 'flipkart']"
70,3480,1,7,114,"['varianc', 'covari', 'correl', 'statist', 'measur', 'find', 'relationship', 'data', 'point', 'dataset', 'here', 'differ', 'varianc', 'covari', 'correl', 'know', 'datavisu', 'datasci', 'data', 'dataanalyt', 'machinelearn', 'dataanalysi', 'artificialintellig', 'python', 'datascientist', 'bigdata', 'deeplearn', 'dataviz', 'ai', 'analyt', 'technolog', 'dataanalyst', 'program', 'pythonprogram', 'statist', 'amankharw', 'thecleverprogramm']","['datavisu', 'datasci', 'data', 'dataanalyt', 'machinelearn', 'dataanalysi', 'artificialintellig', 'python', 'datascientist', 'bigdata', 'deeplearn', 'dataviz', 'ai', 'analyt', 'technolog', 'dataanalyst', 'program', 'pythonprogram', 'statist', 'amankharw', 'thecleverprogramm']"
71,3525,5,0,96,"['must', 'seen', 'news', 'divid', 'categori', 'go', 'news', 'websit', 'learn', 'classifi', 'news', 'articl', 'machin', 'learn', 'use', 'python', 'data', 'datasci', 'dataanalysi', 'dataanalyt', 'datascientist', 'machinelearn', 'python', 'pythonprogram', 'pythonproject', 'pythoncod', 'artificialintellig', 'ai', 'deeplearn', 'machinelearningproject', 'datascienceproject', 'amankharw', 'thecleverprogramm', 'news']","['data', 'datasci', 'dataanalysi', 'dataanalyt', 'datascientist', 'machinelearn', 'python', 'pythonprogram', 'pythonproject', 'pythoncod', 'artificialintellig', 'ai', 'deeplearn', 'machinelearningproject', 'datascienceproject', 'amankharw', 'thecleverprogramm', 'news']"
72,3606,5,15,138,"['best', 'websit', 'prepar', 'code', 'interview', 'code', 'program', 'programm', 'python', 'develop', 'javascript', 'code', 'coder', 'technolog', 'html', 'computersci', 'codinglif', 'java', 'webdevelop', 'tech', 'cs', 'webdevelop', 'softwar', 'softwaredevelop', 'interview', 'job', 'codinginterview', 'amankharw', 'thecleverprogramm']","['code', 'program', 'programm', 'python', 'develop', 'javascript', 'code', 'coder', 'technolog', 'html', 'computersci', 'codinglif', 'java', 'webdevelop', 'tech', 'cs', 'webdevelop', 'softwar', 'softwaredevelop', 'interview', 'job', 'codinginterview', 'amankharw', 'thecleverprogramm']"
73,5542,7,6,122,"['introduct', 'onlin', 'payment', 'system', 'help', 'lot', 'ea', 'payment', 'time', 'increas', 'payment', 'fraud', 'learn', 'detect', 'onlin', 'payment', 'fraud', 'machin', 'learn', 'use', 'python', 'data', 'datasci', 'dataanalysi', 'dataanalyt', 'datascientist', 'machinelearn', 'python', 'pythonprogram', 'pythonproject', 'pythoncod', 'artificialintellig', 'ai', 'deeplearn', 'machinelearningproject', 'datascienceproject', 'amankharw', 'thecleverprogramm']","['data', 'datasci', 'dataanalysi', 'dataanalyt', 'datascientist', 'machinelearn', 'python', 'pythonprogram', 'pythonproject', 'pythoncod', 'artificialintellig', 'ai', 'deeplearn', 'machinelearningproject', 'datascienceproject', 'amankharw', 'thecleverprogramm']"
74,6559,8,6,257,"['best', 'data', 'scienc', 'project', 'idea', 'healthcar', 'want', 'becom', 'data', 'scienc', 'profession', 'healthcar', 'domain', 'must', 'tri', 'work', 'project', 'healthcar', 'health', 'covid', 'data', 'datasci', 'dataanalysi', 'dataanalyt', 'datascientist', 'machinelearn', 'python', 'pythonprogram', 'pythonproject', 'pythoncod', 'artificialintellig', 'ai', 'dataanalyst', 'amankharw', 'thecleverprogramm']","['healthcar', 'health', 'covid', 'data', 'datasci', 'dataanalysi', 'dataanalyt', 'datascientist', 'machinelearn', 'python', 'pythonprogram', 'pythonproject', 'pythoncod', 'artificialintellig', 'ai', 'dataanalyst', 'amankharw', 'thecleverprogramm']"
75,3623,3,0,95,"['learn', 'creat', 'interact', 'languag', 'translat', 'use', 'python', 'link', 'bio', 'python', 'pythonprogram', 'pythonproject', 'pythoncod', 'pythonlearn', 'pythondevelop', 'pythoncod', 'pythonprogramm', 'amankharw', 'thecleverprogramm', 'naturallanguageprocess', 'nlp']","['python', 'pythonprogram', 'pythonproject', 'pythoncod', 'pythonlearn', 'pythondevelop', 'pythoncod', 'pythonprogramm', 'amankharw', 'thecleverprogramm', 'naturallanguageprocess', 'nlp']"
76,10493,9,1,244,"['list', 'machin', 'learn', 'algorithm', 'model', 'explain', 'use', 'python', 'help', 'understand', 'implement', 'machin', 'learn', 'algorithm', 'model', 'solv', 'realtim', 'busi', 'problem', 'find', 'list', 'machin', 'learn', 'algorithm', 'model', 'link', 'bio', 'data', 'datasci', 'dataanalysi', 'dataanalyt', 'datascientist', 'machinelearn', 'python', 'pythonprogram', 'pythonproject', 'pythoncod', 'artificialintellig', 'ai', 'deeplearn', 'algorithm', 'algorithm', 'machinelearningalgorithm', 'amankharw', 'thecleverprogramm']","['data', 'datasci', 'dataanalysi', 'dataanalyt', 'datascientist', 'machinelearn', 'python', 'pythonprogram', 'pythonproject', 'pythoncod', 'artificialintellig', 'ai', 'deeplearn', 'algorithm', 'algorithm', 'machinelearningalgorithm', 'amankharw', 'thecleverprogramm']"
77,4446,6,11,190,"['best', 'youtub', 'channel', 'follow', 'learn', 'data', 'scienc', 'data', 'datasci', 'dataanalysi', 'dataanalyt', 'datascientist', 'machinelearn', 'python', 'pythonprogram', 'pythonproject', 'pythoncod', 'artificialintellig', 'ai', 'deeplearn', 'machinelearningproject', 'datascienceproject', 'amankharw', 'thecleverprogramm']","['data', 'datasci', 'dataanalysi', 'dataanalyt', 'datascientist', 'machinelearn', 'python', 'pythonprogram', 'pythonproject', 'pythoncod', 'artificialintellig', 'ai', 'deeplearn', 'machinelearningproject', 'datascienceproject', 'amankharw', 'thecleverprogramm']"
78,2957,4,2,118,"['python', 'program', 'count', 'number', 'capit', 'letter', 'file', 'python', 'pythonprogram', 'pythonproject', 'pythoncod', 'pythonlearn', 'pythondevelop', 'pythoncod', 'pythonprogramm', 'amankharw', 'thecleverprogramm', 'pythonprogram', 'codergalleri']","['python', 'pythonprogram', 'pythonproject', 'pythoncod', 'pythonlearn', 'pythondevelop', 'pythoncod', 'pythonprogramm', 'amankharw', 'thecleverprogramm', 'pythonprogram', 'codergalleri']"
79,5538,6,6,178,"['follow', 'step', 'collect', 'whatsapp', 'chat', 'data', 'data', 'scienc', 'project', 'use', 'whatsapp', 'chat', 'data', 'text', 'analysi', 'sentiment', 'analysi', 'mani', 'task', 'base', 'natur', 'languag', 'process', 'data', 'datasci', 'dataanalysi', 'dataanalyt', 'datascientist', 'machinelearn', 'python', 'pythonprogram', 'pythonproject', 'pythoncod', 'artificialintellig', 'ai', 'deeplearn', 'machinelearningproject', 'datascienceproject', 'amankharw', 'thecleverprogramm', 'whatsapp']","['data', 'datasci', 'dataanalysi', 'dataanalyt', 'datascientist', 'machinelearn', 'python', 'pythonprogram', 'pythonproject', 'pythoncod', 'artificialintellig', 'ai', 'deeplearn', 'machinelearningproject', 'datascienceproject', 'amankharw', 'thecleverprogramm', 'whatsapp']"
80,4681,7,12,170,"['best', 'resourc', 'internet', 'learn', 'machin', 'learn', 'free', 'data', 'datasci', 'dataanalysi', 'dataanalyt', 'datascientist', 'machinelearn', 'python', 'pythonprogram', 'pythonproject', 'pythoncod', 'artificialintellig', 'ai', 'deeplearn', 'machinelearningproject', 'datascienceproject', 'amankharw', 'thecleverprogramm']","['data', 'datasci', 'dataanalysi', 'dataanalyt', 'datascientist', 'machinelearn', 'python', 'pythonprogram', 'pythonproject', 'pythoncod', 'artificialintellig', 'ai', 'deeplearn', 'machinelearningproject', 'datascienceproject', 'amankharw', 'thecleverprogramm']"
81,5273,9,22,250,"['complet', 'roadmap', 'data', 'scienc', 'follow', 'learn', 'data', 'scienc', 'scratch', 'resourc', 'learn', 'also', 'mention', 'swipe', 'save', 'share', 'data', 'datasci', 'dataanalysi', 'dataanalyt', 'datascientist', 'machinelearn', 'python', 'pythonprogram', 'pythonproject', 'pythoncod', 'artificialintellig', 'ai', 'deeplearn', 'machinelearningproject', 'datascienceproject', 'amankharw', 'thecleverprogramm', 'roadmap']","['data', 'datasci', 'dataanalysi', 'dataanalyt', 'datascientist', 'machinelearn', 'python', 'pythonprogram', 'pythonproject', 'pythoncod', 'artificialintellig', 'ai', 'deeplearn', 'machinelearningproject', 'datascienceproject', 'amankharw', 'thecleverprogramm', 'roadmap']"
82,5055,7,11,159,"['data', 'scienc', 'time', 'seri', 'analysi', 'method', 'analyz', 'data', 'collect', 'interv', 'time', 'stock', 'price', 'data', 'covid', 'case', 'data', 'exampl', 'timeseri', 'data', 'time', 'seri', 'analysi', 'help', 'understand', 'underli', 'caus', 'trend', 'pattern', 'particular', 'time', 'interv', 'one', 'topic', 'everi', 'data', 'scientist', 'know', 'perfectli', 'look', 'best', 'book', 'learn', 'time', 'seri', 'analysi', 'choos', 'one', 'among', 'book', 'timeseri', 'time', 'statist', 'datasci', 'bigdata', 'machinelearn', 'python', 'ai', 'timeseriesanalysi', 'datavisu', 'dataanalyt', 'data', 'iot', 'analysi', 'timeseriesmalaysia', 'artificialintellig', 'analyt', 'amankharw', 'thecleverprogramm']","['timeseri', 'time', 'statist', 'datasci', 'bigdata', 'machinelearn', 'python', 'ai', 'timeseriesanalysi', 'datavisu', 'dataanalyt', 'data', 'iot', 'analysi', 'timeseriesmalaysia', 'artificialintellig', 'analyt', 'amankharw', 'thecleverprogramm']"
83,4002,17,18,205,"['highest', 'pay', 'skill', 'start', 'learn', 'today', 'skill', 'requir', 'come', 'specif', 'educ', 'background', 'passion', 'learn', 'skill', 'easili', 'find', 'mani', 'free', 'resourc', 'internet', 'dont', 'know', 'find', 'free', 'resourc', 'learn', 'skill', 'feel', 'free', 'reach', 'amankharw', 'happi', 'guid', 'career', 'job', 'job', 'jobsearch', 'educ', 'busi', 'success', 'careergo', 'motiv', 'work', 'careerdevelop', 'career', 'goal', 'resum', 'student', 'careeradvic', 'datasci', 'market', 'digitalmarket', 'medium', 'socialmedia', 'webdevelop', 'amankharw', 'thecleverprogramm']","['career', 'job', 'job', 'jobsearch', 'educ', 'busi', 'success', 'careergo', 'motiv', 'work', 'careerdevelop', 'career', 'goal', 'resum', 'student', 'careeradvic', 'datasci', 'market', 'digitalmarket', 'medium', 'socialmedia', 'webdevelop', 'amankharw', 'thecleverprogramm']"
84,3169,8,1,121,"['data', 'scienc', 'time', 'seri', 'analysi', 'method', 'analyz', 'data', 'collect', 'interv', 'time', 'stock', 'price', 'data', 'covid', 'case', 'data', 'exampl', 'timeseri', 'data', 'time', 'seri', 'analysi', 'help', 'understand', 'underli', 'caus', 'trend', 'pattern', 'particular', 'time', 'interv', 'one', 'topic', 'everi', 'data', 'scientist', 'know', 'perfectli', 'look', 'best', 'data', 'scienc', 'project', 'idea', 'time', 'seri', 'analysi', 'tri', 'work', 'project', 'timeseri', 'time', 'statist', 'datasci', 'bigdata', 'machinelearn', 'python', 'ai', 'timeseriesanalysi', 'datavisu', 'dataanalyt', 'data', 'iot', 'analysi', 'timeseriesmalaysia', 'artificialintellig', 'analyt', 'amankharw', 'thecleverprogramm']","['timeseri', 'time', 'statist', 'datasci', 'bigdata', 'machinelearn', 'python', 'ai', 'timeseriesanalysi', 'datavisu', 'dataanalyt', 'data', 'iot', 'analysi', 'timeseriesmalaysia', 'artificialintellig', 'analyt', 'amankharw', 'thecleverprogramm']"
85,6168,6,6,151,"['stress', 'anxieti', 'depress', 'threaten', 'mental', 'health', 'peopl', 'everi', 'person', 'reason', 'stress', 'life', 'peopl', 'often', 'share', 'feel', 'social', 'medium', 'platform', 'like', 'instagram', 'form', 'post', 'stori', 'reddit', 'form', 'ask', 'suggest', 'life', 'subreddit', 'past', 'year', 'mani', 'content', 'creator', 'come', 'forward', 'creat', 'content', 'help', 'peopl', 'mental', 'health', 'mani', 'organ', 'use', 'stress', 'detect', 'find', 'social', 'medium', 'user', 'stress', 'help', 'quickli', 'want', 'learn', 'use', 'machin', 'learn', 'detect', 'stress', 'social', 'medium', 'post', 'data', 'scienc', 'project', 'detect', 'stress', 'social', 'medium', 'post', 'machin', 'learn', 'use', 'python', 'link', 'bio', 'data', 'datasci', 'dataanalysi', 'dataanalyt', 'datascientist', 'machinelearn', 'python', 'pythonprogram', 'pythonproject', 'pythoncod', 'artificialintellig', 'ai', 'deeplearn', 'machinelearningproject', 'datascienceproject', 'amankharw', 'thecleverprogramm', 'machinelearningmodel', 'stress', 'stressdetect']","['data', 'datasci', 'dataanalysi', 'dataanalyt', 'datascientist', 'machinelearn', 'python', 'pythonprogram', 'pythonproject', 'pythoncod', 'artificialintellig', 'ai', 'deeplearn', 'machinelearningproject', 'datascienceproject', 'amankharw', 'thecleverprogramm', 'machinelearningmodel', 'stress', 'stressdetect']"
86,2407,8,20,72,"['data', 'scienc', 'use', 'case', 'here', 'zomato', 'use', 'data', 'futur', 'busi', 'model', 'data', 'datasci', 'dataanalysi', 'dataanalyt', 'datascientist', 'machinelearn', 'python', 'pythonprogram', 'pythonproject', 'pythoncod', 'artificialintellig', 'ai', 'deeplearn', 'machinelearningproject', 'datascienceproject', 'amankharw', 'thecleverprogramm', 'machinelearningmodel', 'zomato', 'busi', 'casestudi', 'businessmodel']","['data', 'datasci', 'dataanalysi', 'dataanalyt', 'datascientist', 'machinelearn', 'python', 'pythonprogram', 'pythonproject', 'pythoncod', 'artificialintellig', 'ai', 'deeplearn', 'machinelearningproject', 'datascienceproject', 'amankharw', 'thecleverprogramm', 'machinelearningmodel', 'zomato', 'busi', 'casestudi', 'businessmodel']"
87,3630,4,10,137,"['best', 'data', 'analysi', 'project', 'idea', 'resum', 'tri', 'data', 'datasci', 'dataanalysi', 'dataanalyt', 'datascientist', 'machinelearn', 'python', 'pythonprogram', 'pythonproject', 'pythoncod', 'artificialintellig', 'ai', 'deeplearn', 'machinelearningproject', 'datascienceproject', 'amankharw', 'thecleverprogramm']","['data', 'datasci', 'dataanalysi', 'dataanalyt', 'datascientist', 'machinelearn', 'python', 'pythonprogram', 'pythonproject', 'pythoncod', 'artificialintellig', 'ai', 'deeplearn', 'machinelearningproject', 'datascienceproject', 'amankharw', 'thecleverprogramm']"
88,2826,3,3,114,"['visual', 'data', 'one', 'valuabl', 'skill', 'everi', 'data', 'scientist', 'analyst', 'lot', 'data', 'visual', 'learn', 'data', 'scienc', 'find', 'list', 'data', 'visual', 'data', 'scienc', 'explain', 'use', 'python', 'dataanalyt', 'datasci', 'data', 'machinelearn', 'datavisu', 'bigdata', 'artificialintellig', 'datascientist', 'python', 'analyt', 'ai', 'dataanalysi', 'deeplearn', 'technolog', 'program', 'code', 'dataanalyst', 'busi', 'pythonprogram', 'datamin', 'tech', 'businessintellig', 'databas', 'computersci', 'statist', 'powerbi', 'dataanalysisproject', 'businessanalyt', 'thecleverprogramm', 'amankharw']","['dataanalyt', 'datasci', 'data', 'machinelearn', 'datavisu', 'bigdata', 'artificialintellig', 'datascientist', 'python', 'analyt', 'ai', 'dataanalysi', 'deeplearn', 'technolog', 'program', 'code', 'dataanalyst', 'busi', 'pythonprogram', 'datamin', 'tech', 'businessintellig', 'databas', 'computersci', 'statist', 'powerbi', 'dataanalysisproject', 'businessanalyt', 'thecleverprogramm', 'amankharw']"
89,7407,5,15,263,"['import', 'machin', 'learn', 'algorithm', 'everi', 'beginn', 'machin', 'learn', 'know', 'data', 'datasci', 'dataanalysi', 'dataanalyt', 'datascientist', 'machinelearn', 'python', 'pythonprogram', 'pythonproject', 'pythoncod', 'artificialintellig', 'ai', 'deeplearn', 'machinelearningproject', 'datascienceproject', 'amankharw', 'thecleverprogramm']","['data', 'datasci', 'dataanalysi', 'dataanalyt', 'datascientist', 'machinelearn', 'python', 'pythonprogram', 'pythonproject', 'pythoncod', 'artificialintellig', 'ai', 'deeplearn', 'machinelearningproject', 'datascienceproject', 'amankharw', 'thecleverprogramm']"
90,10386,8,41,328,"['best', 'websit', 'follow', 'learn', 'everyth', 'data', 'scienc', 'data', 'datasci', 'dataanalysi', 'dataanalyt', 'datascientist', 'machinelearn', 'python', 'pythonprogram', 'pythonproject', 'pythoncod', 'artificialintellig', 'ai', 'deeplearn', 'machinelearningproject', 'datascienceproject', 'amankharw', 'thecleverprogramm']","['data', 'datasci', 'dataanalysi', 'dataanalyt', 'datascientist', 'machinelearn', 'python', 'pythonprogram', 'pythonproject', 'pythoncod', 'artificialintellig', 'ai', 'deeplearn', 'machinelearningproject', 'datascienceproject', 'amankharw', 'thecleverprogramm']"
91,2998,4,1,126,"['time', 'seri', 'analysi', 'mean', 'analyz', 'find', 'pattern', 'time', 'seri', 'dataset', 'timeseri', 'dataset', 'sequenc', 'data', 'collect', 'interv', 'time', 'learn', 'time', 'seri', 'analysi', 'use', 'python', 'timeseri', 'time', 'statist', 'datasci', 'bigdata', 'machinelearn', 'python', 'ai', 'timeseriesanalysi', 'datavisu', 'dataanalyt', 'data', 'iot', 'analysi', 'timeseriesmalaysia', 'artificialintellig', 'analyt', 'amankharw', 'thecleverprogramm']","['timeseri', 'time', 'statist', 'datasci', 'bigdata', 'machinelearn', 'python', 'ai', 'timeseriesanalysi', 'datavisu', 'dataanalyt', 'data', 'iot', 'analysi', 'timeseriesmalaysia', 'artificialintellig', 'analyt', 'amankharw', 'thecleverprogramm']"
92,3052,5,14,129,"['program', 'languag', 'googl', 'use', 'frontend', 'backend', 'googl', 'program', 'code', 'programm', 'python', 'develop', 'javascript', 'technolog', 'code', 'coder', 'java', 'html', 'computersci', 'tech', 'cs', 'webdevelop', 'softwar', 'webdevelop', 'codinglif', 'softwaredevelop', 'linux', 'programmingmem', 'webdesign', 'programm', 'php', 'programminglif', 'machinelearn', 'hack', 'pythonprogram', 'thecleverprogramm', 'amankharw']","['program', 'code', 'programm', 'python', 'develop', 'javascript', 'technolog', 'code', 'coder', 'java', 'html', 'computersci', 'tech', 'cs', 'webdevelop', 'softwar', 'webdevelop', 'codinglif', 'softwaredevelop', 'linux', 'programmingmem', 'webdesign', 'programm', 'php', 'programminglif', 'machinelearn', 'hack', 'pythonprogram', 'thecleverprogramm', 'amankharw']"
93,4628,8,3,160,"['deep', 'learn', 'subset', 'machin', 'learn', 'want', 'becom', 'machin', 'learn', 'engin', 'know', 'everyth', 'deep', 'learn', 'look', 'best', 'free', 'resourc', 'learn', 'deep', 'learn', 'two', 'best', 'free', 'resourc', 'learn', 'deep', 'learn', 'deeplearn', 'machinelearn', 'artificialintellig', 'datasci', 'ai', 'python', 'code', 'technolog', 'program', 'bigdata', 'dataanalyt', 'datascientist', 'data', 'computersci', 'tech', 'neuralnetwork', 'amankharw', 'thecleverprogramm']","['deeplearn', 'machinelearn', 'artificialintellig', 'datasci', 'ai', 'python', 'code', 'technolog', 'program', 'bigdata', 'dataanalyt', 'datascientist', 'data', 'computersci', 'tech', 'neuralnetwork', 'amankharw', 'thecleverprogramm']"
94,4082,11,5,175,"['deep', 'learn', 'subset', 'machin', 'learn', 'use', 'artifici', 'neural', 'network', 'train', 'model', 'solv', 'complex', 'problem', 'need', 'larg', 'amount', 'data', 'compar', 'machin', 'learn', 'algorithm', 'best', 'deep', 'learn', 'project', 'idea', 'must', 'tri', 'deeplearn', 'machinelearn', 'artificialintellig', 'datasci', 'ai', 'python', 'code', 'technolog', 'program', 'bigdata', 'dataanalyt', 'datascientist', 'data', 'computersci', 'tech', 'neuralnetwork', 'amankharw', 'thecleverprogramm']","['deeplearn', 'machinelearn', 'artificialintellig', 'datasci', 'ai', 'python', 'code', 'technolog', 'program', 'bigdata', 'dataanalyt', 'datascientist', 'data', 'computersci', 'tech', 'neuralnetwork', 'amankharw', 'thecleverprogramm']"
95,5394,19,6,147,"['must', 'heard', 'invest', 'cryptocurr', 'life', 'digit', 'medium', 'exchang', 'encrypt', 'decentr', 'want', 'know', 'predict', 'futur', 'price', 'cryptocurr', 'machin', 'learn', 'help', 'learn', 'predict', 'futur', 'price', 'bitcoin', 'machin', 'learn', 'use', 'python', 'data', 'datasci', 'dataanalysi', 'dataanalyt', 'datascientist', 'machinelearn', 'python', 'pythonprogram', 'pythonproject', 'pythoncod', 'artificialintellig', 'ai', 'deeplearn', 'machinelearningproject', 'datascienceproject', 'amankharw', 'thecleverprogramm', 'bitcoin', 'cryptocurr']","['data', 'datasci', 'dataanalysi', 'dataanalyt', 'datascientist', 'machinelearn', 'python', 'pythonprogram', 'pythonproject', 'pythoncod', 'artificialintellig', 'ai', 'deeplearn', 'machinelearningproject', 'datascienceproject', 'amankharw', 'thecleverprogramm', 'bitcoin', 'cryptocurr']"
96,2766,10,4,114,"['program', 'languag', 'facebook', 'use', 'frontend', 'backend', 'facebook', 'program', 'code', 'programm', 'python', 'develop', 'javascript', 'technolog', 'code', 'coder', 'java', 'html', 'computersci', 'tech', 'cs', 'webdevelop', 'softwar', 'webdevelop', 'codinglif', 'softwaredevelop', 'linux', 'programmingmem', 'webdesign', 'programm', 'php', 'programminglif', 'machinelearn', 'hack', 'pythonprogram', 'thecleverprogramm', 'amankharw']","['program', 'code', 'programm', 'python', 'develop', 'javascript', 'technolog', 'code', 'coder', 'java', 'html', 'computersci', 'tech', 'cs', 'webdevelop', 'softwar', 'webdevelop', 'codinglif', 'softwaredevelop', 'linux', 'programmingmem', 'webdesign', 'programm', 'php', 'programminglif', 'machinelearn', 'hack', 'pythonprogram', 'thecleverprogramm', 'amankharw']"
97,3924,11,3,151,"['popular', 'data', 'scienc', 'case', 'studi', 'project', 'everi', 'data', 'scienc', 'beginn', 'tri', 'find', 'case', 'studi', 'project', 'solut', 'kaggl', 'data', 'datasci', 'dataanalysi', 'dataanalyt', 'datascientist', 'machinelearn', 'python', 'pythonprogram', 'pythonproject', 'pythoncod', 'artificialintellig', 'ai', 'deeplearn', 'algorithm', 'algorithm', 'machinelearningalgorithm', 'ml', 'amankharw', 'thecleverprogramm', 'project', 'casestudi']","['data', 'datasci', 'dataanalysi', 'dataanalyt', 'datascientist', 'machinelearn', 'python', 'pythonprogram', 'pythonproject', 'pythoncod', 'artificialintellig', 'ai', 'deeplearn', 'algorithm', 'algorithm', 'machinelearningalgorithm', 'ml', 'amankharw', 'thecleverprogramm', 'project', 'casestudi']"
98,3015,11,4,92,"['here', 'amazon', 'use', 'data', 'ecommerc', 'platform', 'hope', 'post', 'help', 'understand', 'amazon', 'use', 'data', 'scienc', 'improv', 'qualiti', 'servic', 'data', 'datasci', 'dataanalysi', 'dataanalyt', 'datascientist', 'machinelearn', 'python', 'pythonprogram', 'pythonproject', 'pythoncod', 'artificialintellig', 'ai', 'deeplearn', 'machinelearningproject', 'datascienceproject', 'amankharw', 'thecleverprogramm', 'machinelearningmodel', 'zomato', 'busi', 'casestudi', 'businessmodel', 'amazonfind']","['data', 'datasci', 'dataanalysi', 'dataanalyt', 'datascientist', 'machinelearn', 'python', 'pythonprogram', 'pythonproject', 'pythoncod', 'artificialintellig', 'ai', 'deeplearn', 'machinelearningproject', 'datascienceproject', 'amankharw', 'thecleverprogramm', 'machinelearningmodel', 'zomato', 'busi', 'casestudi', 'businessmodel', 'amazonfind']"
99,5409,10,27,275,"['complet', 'roadmap', 'data', 'scienc', 'follow', 'learn', 'data', 'scienc', 'scratch', 'resourc', 'learn', 'also', 'mention', 'swipe', 'save', 'share', 'data', 'datasci', 'dataanalysi', 'dataanalyt', 'datascientist', 'machinelearn', 'python', 'pythonprogram', 'pythonproject', 'pythoncod', 'artificialintellig', 'ai', 'deeplearn', 'machinelearningproject', 'datascienceproject', 'amankharw', 'thecleverprogramm', 'roadmap']","['data', 'datasci', 'dataanalysi', 'dataanalyt', 'datascientist', 'machinelearn', 'python', 'pythonprogram', 'pythonproject', 'pythoncod', 'artificialintellig', 'ai', 'deeplearn', 'machinelearningproject', 'datascienceproject', 'amankharw', 'thecleverprogramm', 'roadmap']"
100,5323,6,13,192,"['look', 'trend', 'uniqu', 'topic', 'work', 'data', 'scienc', 'project', 'data', 'scienc', 'project', 'idea', 'base', 'trend', 'uniqu', 'topic', 'tri', 'data', 'datasci', 'dataanalysi', 'dataanalyt', 'datascientist', 'machinelearn', 'python', 'pythonprogram', 'pythonproject', 'pythoncod', 'artificialintellig', 'ai', 'deeplearn', 'machinelearningproject', 'datascienceproject', 'amankharw', 'thecleverprogramm']","['data', 'datasci', 'dataanalysi', 'dataanalyt', 'datascientist', 'machinelearn', 'python', 'pythonprogram', 'pythonproject', 'pythoncod', 'artificialintellig', 'ai', 'deeplearn', 'machinelearningproject', 'datascienceproject', 'amankharw', 'thecleverprogramm']"
101,8001,8,7,203,"['mani', 'countri', 'support', 'ukrain', 'introduc', 'econom', 'sanction', 'russia', 'lot', 'tweet', 'ukrain', 'russia', 'war', 'peopl', 'tend', 'updat', 'ground', 'truth', 'feel', 'support', 'learn', 'analyz', 'sentiment', 'peopl', 'ukrain', 'russian', 'war', 'learn', 'perform', 'twitter', 'sentiment', 'analysi', 'ukrain', 'russia', 'war', 'use', 'python', 'link', 'bio', 'data', 'datasci', 'dataanalysi', 'dataanalyt', 'datascientist', 'machinelearn', 'python', 'pythonprogram', 'pythonproject', 'pythoncod', 'artificialintellig', 'ai', 'deeplearn', 'sentimentanalysi', 'sentiment', 'nlp', 'naturallanguageprocess', 'amankharw', 'thecleverprogramm', 'ukrain']","['data', 'datasci', 'dataanalysi', 'dataanalyt', 'datascientist', 'machinelearn', 'python', 'pythonprogram', 'pythonproject', 'pythoncod', 'artificialintellig', 'ai', 'deeplearn', 'sentimentanalysi', 'sentiment', 'nlp', 'naturallanguageprocess', 'amankharw', 'thecleverprogramm', 'ukrain']"
102,4150,4,2,145,"['compani', 'way', 'creat', 'otp', 'verif', 'compani', 'system', 'program', 'gener', 'digit', 'random', 'number', 'learn', 'complet', 'process', 'otp', 'verif', 'use', 'python', 'python', 'pythonprogram', 'pythonproject', 'pythoncod', 'pythonlearn', 'pythondevelop', 'pythoncod', 'pythonprogramm', 'amankharw', 'thecleverprogramm', 'pythonproject', 'otp', 'otpverif']","['python', 'pythonprogram', 'pythonproject', 'pythoncod', 'pythonlearn', 'pythondevelop', 'pythoncod', 'pythonprogramm', 'amankharw', 'thecleverprogramm', 'pythonproject', 'otp', 'otpverif']"
103,4609,1,12,168,"['real', 'world', 'applic', 'python', 'industri', 'python', 'pythonprogram', 'pythonproject', 'pythoncod', 'pythonlearn', 'pythondevelop', 'pythoncod', 'pythonprogramm', 'amankharw', 'thecleverprogramm', 'code', 'program', 'computersci', 'datasci', 'webdevelop', 'machinelearn']","['python', 'pythonprogram', 'pythonproject', 'pythoncod', 'pythonlearn', 'pythondevelop', 'pythoncod', 'pythonprogramm', 'amankharw', 'thecleverprogramm', 'code', 'program', 'computersci', 'datasci', 'webdevelop', 'machinelearn']"
104,6348,4,15,194,"['data', 'scienc', 'student', 'must', 'found', 'hard', 'choos', 'topic', 'creat', 'first', 'data', 'scienc', 'project', 'beginn', 'univers', 'give', 'list', 'choos', 'univers', 'give', 'complet', 'freedom', 'student', 'choos', 'topic', 'choos', 'topic', 'data', 'scienc', 'project', 'complet', 'guid', 'choos', 'topic', 'data', 'scienc', 'project', 'data', 'datasci', 'dataanalysi', 'dataanalyt', 'datascientist', 'machinelearn', 'python', 'pythonprogram', 'pythonproject', 'pythoncod', 'artificialintellig', 'ai', 'deeplearn', 'machinelearningproject', 'datascienceproject', 'amankharw', 'thecleverprogramm']","['data', 'datasci', 'dataanalysi', 'dataanalyt', 'datascientist', 'machinelearn', 'python', 'pythonprogram', 'pythonproject', 'pythoncod', 'artificialintellig', 'ai', 'deeplearn', 'machinelearningproject', 'datascienceproject', 'amankharw', 'thecleverprogramm']"
105,11068,7,8,250,"['best', 'data', 'scienc', 'project', 'idea', 'base', 'social', 'medium', 'tri', 'data', 'datasci', 'dataanalysi', 'dataanalyt', 'datascientist', 'machinelearn', 'python', 'pythonprogram', 'pythonproject', 'pythoncod', 'artificialintellig', 'ai', 'deeplearn', 'machinelearningproject', 'datascienceproject', 'amankharw', 'thecleverprogramm']","['data', 'datasci', 'dataanalysi', 'dataanalyt', 'datascientist', 'machinelearn', 'python', 'pythonprogram', 'pythonproject', 'pythoncod', 'artificialintellig', 'ai', 'deeplearn', 'machinelearningproject', 'datascienceproject', 'amankharw', 'thecleverprogramm']"
106,7231,8,3,171,"['research', 'instagram', 'reach', 'long', 'time', 'everi', 'time', 'post', 'instagram', 'account', 'collect', 'data', 'well', 'post', 'reach', 'week', 'help', 'understand', 'instagram', 'algorithm', 'work', 'learn', 'perform', 'instagram', 'reach', 'analysi', 'predict', 'reach', 'instagram', 'post', 'machin', 'learn', 'use', 'python', 'data', 'datasci', 'dataanalysi', 'dataanalyt', 'datascientist', 'machinelearn', 'python', 'pythonprogram', 'pythonproject', 'pythoncod', 'artificialintellig', 'ai', 'deeplearn', 'machinelearningproject', 'datascienceproject', 'amankharw', 'thecleverprogramm', 'instagram', 'instagramreach']","['data', 'datasci', 'dataanalysi', 'dataanalyt', 'datascientist', 'machinelearn', 'python', 'pythonprogram', 'pythonproject', 'pythoncod', 'artificialintellig', 'ai', 'deeplearn', 'machinelearningproject', 'datascienceproject', 'amankharw', 'thecleverprogramm', 'instagram', 'instagramreach']"
107,17396,7,7,416,"['list', 'machin', 'learn', 'algorithm', 'model', 'explain', 'use', 'python', 'help', 'understand', 'implement', 'machin', 'learn', 'algorithm', 'model', 'solv', 'realtim', 'busi', 'problem', 'find', 'list', 'machin', 'learn', 'algorithm', 'model', 'link', 'bio', 'machinelearn', 'machinelearningalgorithm', 'datasci', 'dataanalysi', 'dataanalyt', 'datascientist', 'python', 'pythonprogram', 'pythonproject', 'pythoncod', 'artificialintellig', 'ai', 'deeplearn', 'algorithm', 'algorithm', 'amankharw', 'thecleverprogramm']","['machinelearn', 'machinelearningalgorithm', 'datasci', 'dataanalysi', 'dataanalyt', 'datascientist', 'python', 'pythonprogram', 'pythonproject', 'pythoncod', 'artificialintellig', 'ai', 'deeplearn', 'algorithm', 'algorithm', 'amankharw', 'thecleverprogramm']"
108,6814,8,22,249,"['best', 'websit', 'follow', 'learn', 'everyth', 'data', 'scienc', 'datasci', 'datasciencejob', 'datasciencetrain', 'datascienceeduc', 'datasciencecours', 'data', 'dataanalysi', 'dataanalyt', 'datascientist', 'machinelearn', 'artificialintellig', 'ai', 'deeplearn', 'machinelearningproject', 'datascienceproject', 'amankharw', 'thecleverprogramm']","['datasci', 'datasciencejob', 'datasciencetrain', 'datascienceeduc', 'datasciencecours', 'data', 'dataanalysi', 'dataanalyt', 'datascientist', 'machinelearn', 'artificialintellig', 'ai', 'deeplearn', 'machinelearningproject', 'datascienceproject', 'amankharw', 'thecleverprogramm']"
109,17713,3,23,308,"['best', 'resourc', 'learn', 'sql', 'data', 'scienc', 'sql', 'mysql', 'datasci', 'datasciencejob', 'datasciencetrain', 'datascienceeduc', 'datasciencecours', 'data', 'dataanalysi', 'dataanalyt', 'datascientist', 'machinelearn', 'artificialintellig', 'ai', 'deeplearn', 'machinelearningproject', 'datascienceproject', 'amankharw', 'thecleverprogramm']","['sql', 'mysql', 'datasci', 'datasciencejob', 'datasciencetrain', 'datascienceeduc', 'datasciencecours', 'data', 'dataanalysi', 'dataanalyt', 'datascientist', 'machinelearn', 'artificialintellig', 'ai', 'deeplearn', 'machinelearningproject', 'datascienceproject', 'amankharw', 'thecleverprogramm']"
110,5563,5,8,163,"['best', 'python', 'librari', 'data', 'visual', 'learn', 'data', 'scienc', 'datavisu', 'datasci', 'datasciencejob', 'datasciencetrain', 'datascienceeduc', 'datasciencecours', 'data', 'dataanalysi', 'dataanalyt', 'datascientist', 'machinelearn', 'artificialintellig', 'ai', 'deeplearn', 'machinelearningproject', 'datascienceproject', 'amankharw', 'thecleverprogramm']","['datavisu', 'datasci', 'datasciencejob', 'datasciencetrain', 'datascienceeduc', 'datasciencecours', 'data', 'dataanalysi', 'dataanalyt', 'datascientist', 'machinelearn', 'artificialintellig', 'ai', 'deeplearn', 'machinelearningproject', 'datascienceproject', 'amankharw', 'thecleverprogramm']"
111,4842,6,4,86,"['learn', 'creat', 'interact', 'languag', 'translat', 'use', 'python', 'program', 'languag', 'python', 'pythonprogram', 'pythoncod', 'pythonlearn', 'pythondevelop', 'pythonprogramm', 'pythonproject', 'python', 'pythoncod', 'pythonprogramminglanguag', 'amankharw', 'thecleverprogramm', 'nlp', 'naturallanguageprocess']","['python', 'pythonprogram', 'pythoncod', 'pythonlearn', 'pythondevelop', 'pythonprogramm', 'pythonproject', 'python', 'pythoncod', 'pythonprogramminglanguag', 'amankharw', 'thecleverprogramm', 'nlp', 'naturallanguageprocess']"
112,11149,4,13,210,"['python', 'one', 'best', 'program', 'languag', 'numer', 'calcul', 'know', 'calcul', 'mean', 'median', 'mode', 'use', 'python', 'without', 'use', 'builtin', 'python', 'librari', 'modul', 'here', 'calcul', 'mean', 'median', 'mode', 'use', 'python', 'python', 'pythonprogram', 'pythoncod', 'pythonlearn', 'pythondevelop', 'pythonprogramm', 'pythonproject', 'python', 'pythoncod', 'pythonprogramminglanguag', 'amankharw', 'thecleverprogramm']","['python', 'pythonprogram', 'pythoncod', 'pythonlearn', 'pythondevelop', 'pythonprogramm', 'pythonproject', 'python', 'pythoncod', 'pythonprogramminglanguag', 'amankharw', 'thecleverprogramm']"
113,10206,10,17,172,"['practic', 'data', 'scienc', 'project', 'beginn', 'solv', 'explain', 'use', 'python', 'find', 'project', 'link', 'bio', 'datasci', 'datasciencejob', 'datasciencetrain', 'datascienceeduc', 'datasciencecours', 'data', 'dataanalysi', 'dataanalyt', 'datascientist', 'machinelearn', 'artificialintellig', 'ai', 'deeplearn', 'machinelearningproject', 'datascienceproject', 'amankharw', 'thecleverprogramm']","['datasci', 'datasciencejob', 'datasciencetrain', 'datascienceeduc', 'datasciencecours', 'data', 'dataanalysi', 'dataanalyt', 'datascientist', 'machinelearn', 'artificialintellig', 'ai', 'deeplearn', 'machinelearningproject', 'datascienceproject', 'amankharw', 'thecleverprogramm']"
114,13700,2,38,373,"['best', 'data', 'scienc', 'certif', 'choos', 'datasci', 'datasciencejob', 'datasciencetrain', 'datascienceeduc', 'datasciencecours', 'data', 'dataanalysi', 'dataanalyt', 'datascientist', 'machinelearn', 'artificialintellig', 'ai', 'deeplearn', 'machinelearningproject', 'datascienceproject', 'amankharw', 'thecleverprogramm']","['datasci', 'datasciencejob', 'datasciencetrain', 'datascienceeduc', 'datasciencecours', 'data', 'dataanalysi', 'dataanalyt', 'datascientist', 'machinelearn', 'artificialintellig', 'ai', 'deeplearn', 'machinelearningproject', 'datascienceproject', 'amankharw', 'thecleverprogramm']"
115,5731,4,1,148,"['cluster', 'machin', 'learn', 'techniqu', 'use', 'classifi', 'data', 'point', 'charater', 'specif', 'featur', 'group', 'unsupervis', 'machin', 'learn', 'method', 'data', 'deal', 'label', 'best', 'machin', 'learn', 'project', 'idea', 'cluster', 'tri', 'machinelearn', 'machinelearningalgorithm', 'datasci', 'dataanalysi', 'dataanalyt', 'datascientist', 'python', 'pythonprogram', 'pythonproject', 'pythoncod', 'artificialintellig', 'ai', 'deeplearn', 'algorithm', 'algorithm', 'amankharw', 'thecleverprogramm', 'cluster']","['machinelearn', 'machinelearningalgorithm', 'datasci', 'dataanalysi', 'dataanalyt', 'datascientist', 'python', 'pythonprogram', 'pythonproject', 'pythoncod', 'artificialintellig', 'ai', 'deeplearn', 'algorithm', 'algorithm', 'amankharw', 'thecleverprogramm', 'cluster']"
116,4139,0,1,92,"['cluster', 'music', 'genr', 'task', 'group', 'music', 'base', 'similar', 'audio', 'characterist', 'learn', 'cluster', 'analysi', 'music', 'genr', 'machin', 'learn', 'use', 'python', 'machinelearn', 'machinelearningalgorithm', 'datasci', 'dataanalysi', 'dataanalyt', 'datascientist', 'python', 'pythonprogram', 'pythonproject', 'pythoncod', 'artificialintellig', 'ai', 'deeplearn', 'algorithm', 'algorithm', 'amankharw', 'thecleverprogramm', 'cluster']","['machinelearn', 'machinelearningalgorithm', 'datasci', 'dataanalysi', 'dataanalyt', 'datascientist', 'python', 'pythonprogram', 'pythonproject', 'pythoncod', 'artificialintellig', 'ai', 'deeplearn', 'algorithm', 'algorithm', 'amankharw', 'thecleverprogramm', 'cluster']"
117,32695,2,75,549,"['best', 'data', 'scienc', 'certif', 'choos', 'datasci', 'datasciencejob', 'datasciencetrain', 'datascienceeduc', 'datasciencecours', 'data', 'dataanalysi', 'dataanalyt', 'datascientist', 'machinelearn', 'artificialintellig', 'ai', 'deeplearn', 'machinelearningproject', 'datascienceproject', 'amankharw', 'thecleverprogramm']","['datasci', 'datasciencejob', 'datasciencetrain', 'datascienceeduc', 'datasciencecours', 'data', 'dataanalysi', 'dataanalyt', 'datascientist', 'machinelearn', 'artificialintellig', 'ai', 'deeplearn', 'machinelearningproject', 'datascienceproject', 'amankharw', 'thecleverprogramm']"
118,36919,5,26,443,"['python', 'project', 'sourc', 'code', 'solv', 'explain', 'free', 'link', 'bio', 'python', 'pythonprogram', 'pythonproject', 'pythoncod', 'pythonlearn', 'pythondevelop', 'pythoncod', 'pythonprogramm', 'amankharw', 'thecleverprogramm', 'pythonproject']","['python', 'pythonprogram', 'pythonproject', 'pythoncod', 'pythonlearn', 'pythondevelop', 'pythoncod', 'pythonprogramm', 'amankharw', 'thecleverprogramm', 'pythonproject']"
